date,open,high,low,close,volume
2020-02-10 05:00:00,13.2,13.43,12.88,13.0,738952.0
2020-02-11 05:00:00,13.75,13.75,12.51,12.75,2969648.0
2020-02-12 05:00:00,12.74,13.15,12.5,12.5,1179564.0
2020-02-13 05:00:00,12.66,12.9115,12.45,12.67,1866113.0
2020-02-14 05:00:00,13.1,13.179,12.8,13.0,2205362.0
2020-02-18 05:00:00,13.0,13.5,13.0,13.34,3372191.0
2020-02-19 05:00:00,13.45,13.5,13.34,13.46,1841680.0
2020-02-20 05:00:00,13.41,13.5,12.9,13.0,2201248.0
2020-02-21 05:00:00,13.34,13.34,12.7,12.85,2142207.0
2020-02-24 05:00:00,12.09,12.77,12.09,12.69,2677340.0
2020-02-25 05:00:00,12.84,13.065,12.2,12.5,3334318.0
2020-02-26 05:00:00,12.88,12.95,12.23,12.32,2058712.0
2020-02-27 05:00:00,12.2,12.57,11.65,11.84,3495000.0
2020-02-28 05:00:00,11.39,12.0,11.11,11.79,2820383.0
2020-03-02 05:00:00,11.8,11.9354,11.24,11.76,1716188.0
2020-03-03 05:00:00,11.9,11.91,10.87,11.14,3241576.0
2020-03-04 05:00:00,11.35,11.63,11.07,11.24,3365264.0
2020-03-05 05:00:00,11.12,11.12,10.47,10.49,3428987.0
2020-03-06 05:00:00,10.31,10.34,9.59,10.0,3394334.0
2020-03-09 04:00:00,8.5,10.9,8.5,9.95,3638653.0
2020-03-10 04:00:00,10.09,11.345,10.03,11.1,3084838.0
2020-03-11 04:00:00,10.67,10.95,10.25,10.65,2328696.0
2020-03-12 04:00:00,10.22,10.4,8.62,8.7,4279737.0
2020-03-13 04:00:00,9.2,9.67,8.05,8.9,5010443.0
2020-03-16 04:00:00,7.89,7.89,6.7,7.73,5696268.0
2020-03-17 04:00:00,7.8,7.8,6.5,7.25,2931440.0
2020-03-18 04:00:00,6.75,6.76,5.0,5.57,5098101.0
2020-03-19 04:00:00,5.65,7.12,4.75,6.76,3933358.0
2020-03-20 04:00:00,6.66,7.4,6.6501,7.36,3398994.0
2020-03-23 04:00:00,7.12,7.34,6.01,6.76,3541799.0
2020-03-24 04:00:00,7.11,7.68,7.09,7.68,3407021.0
2020-03-25 04:00:00,7.7,9.15,7.29,8.92,1869848.0
2020-03-26 04:00:00,8.65,9.0,8.58,8.88,2403037.0
2020-03-27 04:00:00,8.48,8.48,7.74,8.22,2584146.0
2020-03-30 04:00:00,8.19,8.34,7.99,8.14,1336733.0
2020-03-31 04:00:00,8.02,8.71,7.81,8.65,1631294.0
2020-04-01 04:00:00,8.54,8.64,7.91,8.07,2222036.0
2020-04-02 04:00:00,8.06,8.4093,7.92,8.13,1341632.0
2020-04-03 04:00:00,8.1,8.17,7.66,7.9,1483956.0
2020-04-06 04:00:00,8.08,8.755,8.05,8.6,1418427.0
2020-04-07 04:00:00,9.02,9.28,8.1,8.14,1985893.0
2020-04-08 04:00:00,8.23,8.73,8.19,8.5,1551662.0
2020-04-09 04:00:00,8.8,9.36,8.75,9.19,2244462.0
2020-04-13 04:00:00,8.97,9.76,8.95,9.65,2209583.0
2020-04-14 04:00:00,9.72,10.37,9.72,9.88,2259200.0
2020-04-15 04:00:00,9.7,10.015,9.24,9.72,1095448.0
2020-04-16 04:00:00,9.77,10.15,9.67,10.0,1552643.0
2020-04-17 04:00:00,10.33,10.6,10.075,10.28,2108663.0
2020-04-20 04:00:00,10.13,10.6,9.85,10.26,867706.0
2020-04-21 04:00:00,10.08,10.32,9.76,9.98,2112329.0
2020-04-22 04:00:00,10.12,10.35,9.84,10.0,1885748.0
2020-04-23 04:00:00,10.01,10.38,9.87,10.09,981866.0
2020-04-24 04:00:00,10.23,10.47,10.04,10.26,754936.0
2020-04-27 04:00:00,10.4,10.57,10.21,10.37,1098066.0
2020-04-28 04:00:00,10.5,10.81,10.1,10.45,1193661.0
2020-04-29 04:00:00,10.71,10.86,10.5,10.65,1243235.0
2020-04-30 04:00:00,10.63,10.835,10.06,10.59,1568560.0
2020-05-01 04:00:00,10.42,10.59,9.82,10.29,2059349.0
2020-05-04 04:00:00,10.4,10.4,9.98,10.09,1536563.0
2020-05-05 04:00:00,10.13,10.5,10.1,10.4,2767861.0
2020-05-06 04:00:00,9.85,10.87,9.72,10.65,4522441.0
2020-05-07 04:00:00,11.03,11.36,10.79,10.87,2736738.0
2020-05-08 04:00:00,10.96,11.4,10.9,11.01,2310159.0
2020-05-11 04:00:00,11.23,11.8,11.06,11.54,2568379.0
2020-05-12 04:00:00,11.64,11.8,11.48,11.56,1977757.0
2020-05-13 04:00:00,11.53,11.65,11.07,11.24,2800135.0
2020-05-14 04:00:00,11.07,11.64,10.75,11.59,1928756.0
2020-05-15 04:00:00,11.5,11.63,11.28,11.45,1593028.0
2020-05-18 04:00:00,11.75,12.25,11.44,11.71,2169398.0
2020-05-19 04:00:00,11.69,12.18,11.65,11.75,1530155.0
2020-05-20 04:00:00,12.0,12.44,11.96,11.97,2242099.0
2020-05-21 04:00:00,12.01,12.3,11.77,12.02,2637402.0
2020-05-22 04:00:00,12.06,12.18,11.98,12.07,2373869.0
2020-05-26 04:00:00,12.47,12.58,12.21,12.49,3585131.0
2020-05-27 04:00:00,12.75,12.75,12.305,12.45,3826186.0
2020-05-28 04:00:00,12.55,12.8,12.25,12.55,1195733.0
2020-05-29 04:00:00,12.43,12.83,12.12,12.73,3245098.0
2020-06-01 04:00:00,12.75,13.61,12.73,13.31,2227615.0
2020-06-02 04:00:00,13.27,13.66,13.1,13.47,2449135.0
2020-06-03 04:00:00,13.6,14.005,13.44,13.92,2668147.0
2020-06-04 04:00:00,13.7,14.07,13.47,13.64,2468558.0
2020-06-05 04:00:00,13.96,14.42,13.68,14.0,2645705.0
2020-06-08 04:00:00,14.23,15.03,14.05,14.86,7799579.0
2020-06-09 04:00:00,14.69,15.05,14.16,14.22,2461700.0
2020-06-10 04:00:00,14.28,14.54,14.08,14.22,2271237.0
2020-06-11 04:00:00,13.78,14.02,13.44,13.54,2503237.0
2020-06-12 04:00:00,13.95,14.55,13.8971,14.26,2571206.0
2020-06-15 04:00:00,13.96,14.315,13.87,14.24,2427843.0
2020-06-16 04:00:00,14.54,14.84,14.33,14.49,2561818.0
2020-06-17 04:00:00,14.61,14.61,13.93,14.16,4408074.0
2020-06-18 04:00:00,14.02,14.44,14.02,14.27,5289195.0
2020-06-19 04:00:00,14.34,14.47,13.76,13.82,5121176.0
2020-06-22 04:00:00,13.78,13.895,13.16,13.48,7422548.0
2020-06-23 04:00:00,13.77,14.01,13.43,13.58,7223841.0
2020-06-24 04:00:00,13.48,13.655,13.04,13.19,2236057.0
2020-06-25 04:00:00,13.19,13.27,12.67,12.98,2943013.0
2020-06-26 04:00:00,13.01,13.16,12.09,12.27,16067636.0
2020-06-29 04:00:00,12.42,13.11,12.11,13.11,2730687.0
2020-06-30 04:00:00,13.14,13.64,12.79,13.56,3396039.0
2020-07-01 04:00:00,13.5,14.04,13.37,13.97,3595832.0
2020-07-02 04:00:00,14.17,14.17,13.91,14.07,2020845.0
2020-07-06 04:00:00,14.29,14.35,13.875,13.97,1596586.0
2020-07-07 04:00:00,13.93,13.93,13.51,13.62,2172567.0
2020-07-08 04:00:00,13.61,13.97,13.61,13.83,3025526.0
2020-07-09 04:00:00,13.82,14.0,13.465,13.88,2179660.0
2020-07-10 04:00:00,13.92,14.01,13.68,13.9,1749401.0
2020-07-13 04:00:00,14.0,14.02,13.41,13.54,3104061.0
2020-07-14 04:00:00,13.45,13.89,13.45,13.85,1697965.0
2020-07-15 04:00:00,14.0,14.02,13.9,14.0,3461987.0
2020-07-16 04:00:00,13.95,14.045,13.815,13.88,1541357.0
2020-07-17 04:00:00,13.94,14.33,13.91,14.24,2687642.0
2020-07-20 04:00:00,14.41,14.57,13.94,13.99,1476460.0
2020-07-21 04:00:00,14.02,14.12,13.84,13.88,1524475.0
2020-07-22 04:00:00,13.85,13.85,13.54,13.76,2377573.0
2020-07-23 04:00:00,13.74,13.89,13.51,13.56,2126809.0
2020-07-24 04:00:00,13.5,13.58,13.21,13.58,1557314.0
2020-07-27 04:00:00,13.56,13.69,13.45,13.66,950332.0
2020-07-28 04:00:00,13.54,13.725,13.51,13.55,1189651.0
2020-07-29 04:00:00,13.61,14.02,13.61,14.0,1139003.0
2020-07-30 04:00:00,13.78,14.29,13.7,14.25,1264991.0
2020-07-31 04:00:00,14.3,14.57,14.07,14.5,1465540.0
2020-08-03 04:00:00,14.66,15.1,14.65,15.01,3203252.0
2020-08-04 04:00:00,15.24,15.55,14.83,15.2,2265965.0
2020-08-05 04:00:00,16.71,17.23,16.43,16.89,4686734.0
2020-08-06 04:00:00,16.95,16.99,16.1,16.42,3023546.0
2020-08-07 04:00:00,16.43,16.77,16.38,16.49,1762877.0
2020-08-10 04:00:00,16.64,17.13,16.64,16.88,2357437.0
2020-08-11 04:00:00,17.08,17.11,16.69,16.77,2351509.0
2020-08-12 04:00:00,16.03,16.505,15.63,15.76,4913533.0
2020-08-13 04:00:00,16.43,16.71,16.1,16.66,12803418.0
2020-08-14 04:00:00,16.69,16.8,16.29,16.3,2889691.0
2020-08-17 04:00:00,16.32,16.425,15.75,15.75,4372831.0
2020-08-18 04:00:00,15.75,15.93,15.5,15.5,3642037.0
2020-08-19 04:00:00,15.5,15.8,15.42,15.68,3108947.0
2020-08-20 04:00:00,15.63,16.37,15.45,16.2,3100975.0
2020-08-21 04:00:00,16.08,16.18,15.9,15.91,4492141.0
2020-08-24 04:00:00,16.01,16.545,16.01,16.5,3716494.0
2020-08-25 04:00:00,16.53,17.04,16.53,16.92,2564051.0
2020-08-26 04:00:00,16.87,17.05,16.57,16.74,1939637.0
2020-08-27 04:00:00,16.78,16.97,16.42,16.75,1993325.0
2020-08-28 04:00:00,16.91,17.06,16.45,16.5,1177109.0
2020-08-31 04:00:00,16.56,16.69,16.01,16.23,1808930.0
2020-09-01 04:00:00,16.23,16.69,16.06,16.44,1407484.0
2020-09-02 04:00:00,16.5,16.68,16.23,16.64,1705021.0
2020-09-03 04:00:00,16.51,16.59,15.77,15.96,2275809.0
2020-09-04 04:00:00,16.0,16.35,15.5,16.1,2211358.0
2020-09-08 04:00:00,16.21,16.665,15.89,16.35,2808947.0
2020-09-09 04:00:00,16.43,16.99,16.43,16.85,2335270.0
2020-09-10 04:00:00,17.09,17.46,16.7964,16.91,2905137.0
2020-09-11 04:00:00,17.01,17.21,16.7338,16.95,1454089.0
2020-09-14 04:00:00,17.2,17.59,17.14,17.54,2528911.0
2020-09-15 04:00:00,18.0,18.0,17.515,17.66,2306645.0
2020-09-16 04:00:00,17.7,17.94,17.57,17.58,2343592.0
2020-09-17 04:00:00,17.38,17.83,17.195,17.4,2605534.0
2020-09-18 04:00:00,17.52,17.77,17.39,17.61,11185778.0
2020-09-21 04:00:00,17.23,17.2792,16.75,16.95,3109462.0
2020-09-22 04:00:00,17.08,17.19,16.68,16.97,1672761.0
2020-09-23 04:00:00,16.97,17.035,16.455,16.73,2044687.0
2020-09-24 04:00:00,16.63,16.815,16.29,16.64,1484797.0
2020-09-25 04:00:00,16.74,16.9,16.45,16.82,1301659.0
2020-09-28 04:00:00,17.11,17.21,16.765,16.97,1925615.0
2020-09-29 04:00:00,17.0,17.21,16.84,17.13,2283581.0
2020-09-30 04:00:00,17.08,17.5299,17.03,17.32,2147126.0
2020-10-01 04:00:00,17.58,17.9,17.32,17.9,3288965.0
2020-10-02 04:00:00,17.26,18.04,17.24,17.59,2083987.0
2020-10-05 04:00:00,17.84,18.1,17.6,17.8,4079415.0
2020-10-06 04:00:00,17.88,18.2,17.685,17.84,2460342.0
2020-10-07 04:00:00,18.01,18.225,17.8,18.1,2524635.0
2020-10-08 04:00:00,18.24,18.4,18.0,18.14,1664998.0
2020-10-09 04:00:00,18.24,18.3665,17.945,18.04,1039348.0
2020-10-12 04:00:00,18.17,18.245,17.835,17.98,1571218.0
2020-10-13 04:00:00,17.82,18.09,17.76,17.93,1524875.0
2020-10-14 04:00:00,18.43,18.6439,18.2,18.31,2646088.0
2020-10-15 04:00:00,18.02,18.5,17.9,18.33,2103068.0
2020-10-16 04:00:00,18.5,18.59,18.3,18.34,3388928.0
2020-10-19 04:00:00,18.86,18.93,18.21,18.32,3229855.0
2020-10-20 04:00:00,18.36,18.84,18.34,18.51,1926817.0
2020-10-21 04:00:00,18.63,18.875,18.48,18.57,2043479.0
2020-10-22 04:00:00,18.63,19.08,18.6,19.05,2905842.0
2020-10-23 04:00:00,19.0,19.1827,18.4499,18.84,2244499.0
2020-10-26 04:00:00,18.62,18.65,18.04,18.17,3699134.0
2020-10-27 04:00:00,18.15,18.28,17.71,17.92,2156137.0
2020-10-28 04:00:00,17.54,17.9,17.505,17.6,1660617.0
2020-10-29 04:00:00,17.74,18.0,17.515,17.94,1520874.0
2020-10-30 04:00:00,17.84,18.01,17.32,17.65,2102507.0
2020-11-02 05:00:00,17.89,18.13,17.29,17.41,3686952.0
2020-11-03 05:00:00,17.62,17.91,17.27,17.6,2475632.0
2020-11-04 05:00:00,17.65,18.6499,17.24,17.35,3942629.0
2020-11-05 05:00:00,17.93,18.1,17.21,17.28,2105922.0
2020-11-06 05:00:00,17.32,17.45,16.88,16.96,2655233.0
2020-11-09 05:00:00,17.87,17.98,16.85,16.9,3994526.0
2020-11-10 05:00:00,16.9,17.0,16.645,16.82,3010991.0
2020-11-11 05:00:00,16.96,17.35,16.8227,17.35,1753400.0
2020-11-12 05:00:00,17.47,17.61,17.06,17.31,1949618.0
2020-11-13 05:00:00,17.97,18.2,17.65,17.99,16652216.0
2020-11-16 05:00:00,18.25,18.47,17.94,18.27,6703822.0
2020-11-17 05:00:00,18.17,18.63,18.11,18.41,3479146.0
2020-11-18 05:00:00,18.45,18.67,18.09,18.1,4965840.0
2020-11-19 05:00:00,18.19,18.655,18.01,18.54,2630945.0
2020-11-20 05:00:00,18.42,18.72,18.4,18.62,2102586.0
2020-11-23 05:00:00,18.8,18.995,18.71,18.97,2522167.0
2020-11-24 05:00:00,19.04,19.15,18.49,18.64,3218800.0
2020-11-25 05:00:00,18.54,18.91,18.29,18.83,1783411.0
2020-11-27 05:00:00,18.94,18.99,18.725,18.85,831245.0
2020-11-30 05:00:00,18.85,19.15,18.52,18.71,2234390.0
2020-12-01 05:00:00,18.77,19.4056,18.56,19.39,6345230.0
2020-12-02 05:00:00,19.41,19.58,18.95,19.39,2600359.0
2020-12-03 05:00:00,19.4,19.75,19.095,19.24,3127915.0
2020-12-04 05:00:00,19.4,19.75,19.24,19.75,1944622.0
2020-12-07 05:00:00,19.79,19.79,19.2,19.39,2436566.0
2020-12-08 05:00:00,19.67,19.91,19.4,19.91,3632233.0
2020-12-09 05:00:00,20.04,20.14,18.745,18.92,4301993.0
2020-12-10 05:00:00,18.66,19.15,18.66,19.03,3235591.0
2020-12-11 05:00:00,19.0,19.41,18.95,18.98,3168908.0
2020-12-14 05:00:00,19.1,19.2543,18.62,19.03,3000489.0
2020-12-15 05:00:00,19.22,19.26,18.93,19.0,2421334.0
2020-12-16 05:00:00,18.83,18.975,18.56,18.75,3411913.0
2020-12-17 05:00:00,18.86,19.47,18.715,19.28,4430185.0
2020-12-18 05:00:00,19.37,19.59,18.975,19.19,4500756.0
2020-12-21 05:00:00,18.95,19.2,18.88,19.01,2376397.0
2020-12-22 05:00:00,19.11,19.17,18.675,18.96,2294988.0
2020-12-23 05:00:00,19.05,19.105,18.885,19.0,1829432.0
2020-12-24 05:00:00,18.89,19.056,18.88,18.93,506062.0
2020-12-28 05:00:00,19.12,19.16,18.635,18.65,2078865.0
2020-12-29 05:00:00,18.72,18.7837,18.41,18.5,1937659.0
2020-12-30 05:00:00,18.5,18.81,18.44,18.59,1948389.0
2020-12-31 05:00:00,18.65,18.81,18.47,18.67,1733822.0
2021-01-04 05:00:00,18.76,18.84,18.34,18.52,3560739.0
2021-01-05 05:00:00,18.46,18.65,18.085,18.15,3295038.0
2021-01-06 05:00:00,18.17,18.42,17.93,18.25,4911891.0
2021-01-07 05:00:00,18.54,18.65,18.1,18.27,3272443.0
2021-01-08 05:00:00,18.22,18.47,17.88,18.07,6227539.0
2021-01-11 05:00:00,17.97,18.365,17.945,18.08,3541069.0
2021-01-12 05:00:00,18.13,18.44,18.13,18.37,4944360.0
2021-01-13 05:00:00,18.39,18.7,18.14,18.69,5580016.0
2021-01-14 05:00:00,18.87,19.0,18.6,18.78,6274653.0
2021-01-15 05:00:00,18.63,19.56,18.63,19.51,4471272.0
2021-01-19 05:00:00,19.79,20.64,19.6,20.61,7268054.0
2021-01-20 05:00:00,21.15,21.49,20.62,20.79,11046687.0
2021-01-21 05:00:00,20.89,21.07,20.13,20.61,6663016.0
2021-01-22 05:00:00,20.53,20.68,19.85,20.01,3363880.0
2021-01-25 05:00:00,20.0,20.27,19.68,20.2,3280713.0
2021-01-26 05:00:00,20.46,20.96,20.46,20.71,4847841.0
2021-01-27 05:00:00,20.32,20.32,19.58,19.69,7586454.0
2021-01-28 05:00:00,19.86,20.2,19.37,20.02,4310736.0
2021-01-29 05:00:00,20.01,20.47,19.64,20.12,4971457.0
2021-02-01 05:00:00,20.42,20.63,19.91,20.14,4239925.0
2021-02-02 05:00:00,20.25,20.37,19.98,20.12,3240764.0
2021-02-03 05:00:00,20.15,20.35,19.56,20.09,2706339.0
2021-02-04 05:00:00,20.18,20.58,20.02,20.56,2056748.0
2021-02-05 05:00:00,20.7,21.18,20.61,20.9,2877324.0
2021-02-08 05:00:00,21.06,21.31,20.98,21.31,3171568.0
2021-02-09 05:00:00,21.28,21.4,20.87,20.9,1620448.0
2021-02-10 05:00:00,20.97,21.585,20.69,21.31,2421630.0
2021-02-11 05:00:00,21.47,22.43,20.9822,21.16,2753820.0
2021-02-12 05:00:00,21.03,21.63,21.03,21.44,2943978.0
2021-02-16 05:00:00,21.6,21.7,21.115,21.3,3178791.0
2021-02-17 05:00:00,21.1,21.27,20.69,21.15,2547300.0
2021-02-18 05:00:00,20.94,21.2304,20.68,21.03,2748099.0
2021-02-19 05:00:00,21.21,21.81,21.13,21.63,3698912.0
2021-02-22 05:00:00,21.5,21.789,21.26,21.33,2851322.0
2021-02-23 05:00:00,20.53,21.725,19.9,21.7,5886028.0
2021-02-24 05:00:00,20.0,21.37,19.47,20.8,9665310.0
2021-02-25 05:00:00,21.4,21.4,19.95,20.33,7137024.0
2021-02-26 05:00:00,20.49,21.07,20.215,20.93,4121896.0
2021-03-01 05:00:00,21.0,21.54,20.72,21.32,9656757.0
2021-03-02 05:00:00,21.3,21.6,20.805,20.95,4752624.0
2021-03-03 05:00:00,21.08,21.39,20.72,20.9,4463451.0
2021-03-04 05:00:00,20.77,21.16,19.21,20.04,8688214.0
2021-03-05 05:00:00,20.26,20.47,18.96,20.05,7888236.0
2021-03-08 05:00:00,20.1,20.49,19.495,19.66,4657616.0
2021-03-09 05:00:00,20.13,20.38,19.825,20.21,4146882.0
2021-03-10 05:00:00,20.41,20.78,20.185,20.63,3884523.0
2021-03-11 05:00:00,21.0,21.53,20.9,21.17,5290245.0
2021-03-12 05:00:00,21.0,21.41,20.9,21.07,2419154.0
2021-03-15 04:00:00,21.23,21.3,20.89,21.11,3345893.0
2021-03-16 04:00:00,21.07,21.26,20.23,20.42,3160741.0
2021-03-17 04:00:00,20.07,20.79,20.07,20.71,3073454.0
2021-03-18 04:00:00,20.59,20.79,20.21,20.24,3107833.0
2021-03-19 04:00:00,20.15,20.69,19.99,20.45,4678717.0
2021-03-22 04:00:00,20.36,20.57,19.96,20.36,3300741.0
2021-03-23 04:00:00,20.36,20.54,19.475,19.54,3845775.0
2021-03-24 04:00:00,19.55,19.83,19.14,19.2,2996466.0
2021-03-25 04:00:00,19.0,19.48,18.53,19.41,5133381.0
2021-03-26 04:00:00,19.5,19.83,19.275,19.49,6889033.0
2021-03-29 04:00:00,19.47,19.65,19.085,19.28,4409107.0
2021-03-30 04:00:00,19.29,19.9,18.91,19.78,7060309.0
2021-03-31 04:00:00,19.95,20.275,19.72,20.0,3607173.0
2021-04-01 04:00:00,20.19,21.02,20.02,21.01,4138166.0
2021-04-05 04:00:00,21.25,21.35,20.8001,20.97,2588188.0
2021-04-06 04:00:00,20.95,21.61,20.76,21.54,3593149.0
2021-04-07 04:00:00,21.53,21.67,21.08,21.17,2504353.0
2021-04-08 04:00:00,22.01,22.11,21.17,21.49,2922567.0
2021-04-09 04:00:00,21.37,21.52,21.23,21.43,1863881.0
2021-04-12 04:00:00,21.33,21.7,21.3125,21.6,1826525.0
2021-04-13 04:00:00,21.66,21.97,21.495,21.96,3258841.0
2021-04-14 04:00:00,22.0,22.31,21.97,22.14,4188578.0
2021-04-15 04:00:00,22.35,22.55,22.22,22.4,6118323.0
2021-04-16 04:00:00,22.56,22.725,22.28,22.47,3948999.0
2021-04-19 04:00:00,22.32,22.49,22.11,22.25,3597192.0
2021-04-20 04:00:00,22.25,22.34,21.33,21.78,4786796.0
2021-04-21 04:00:00,21.69,21.925,21.53,21.8,2340371.0
2021-04-22 04:00:00,22.03,22.06,21.68,21.97,2986725.0
2021-04-23 04:00:00,22.13,22.21,21.75,21.77,2444390.0
2021-04-26 04:00:00,21.79,22.47,21.79,22.4,4218950.0
2021-04-27 04:00:00,22.4,23.265,22.21,23.08,4720085.0
2021-04-28 04:00:00,23.16,23.16,22.41,22.99,6141012.0
2021-04-29 04:00:00,23.26,23.48,22.89,23.25,3711732.0
2021-04-30 04:00:00,23.03,23.18,22.625,22.7,2837046.0
2021-05-03 04:00:00,22.93,23.02,22.505,22.82,2873793.0
2021-05-04 04:00:00,22.53,22.72,22.29,22.6,3301837.0
2021-05-05 04:00:00,22.66,22.915,22.465,22.89,2823178.0
2021-05-06 04:00:00,22.87,23.09,22.385,22.86,3010917.0
2021-05-07 04:00:00,22.88,23.14,22.73,23.01,2932712.0
2021-05-10 04:00:00,23.01,23.09,22.58,22.7,1826632.0
2021-05-11 04:00:00,22.32,22.64,22.2,22.36,1998934.0
2021-05-12 04:00:00,22.18,22.54,21.73,21.76,2729147.0
2021-05-13 04:00:00,21.9,22.45,21.8599,22.21,1976602.0
2021-05-14 04:00:00,22.33,23.37,22.22,23.31,2028448.0
2021-05-17 04:00:00,23.22,23.29,22.95,23.13,2594465.0
2021-05-18 04:00:00,23.13,23.635,23.05,23.19,1833279.0
2021-05-19 04:00:00,23.01,23.47,22.63,23.46,2381829.0
2021-05-20 04:00:00,23.61,23.875,23.45,23.65,2192638.0
2021-05-21 04:00:00,23.89,24.015,23.63,23.65,2355386.0
2021-05-24 04:00:00,23.85,24.47,23.6786,24.33,2538579.0
2021-05-25 04:00:00,24.32,24.58,24.045,24.27,3434487.0
2021-05-26 04:00:00,24.47,24.67,24.1,24.42,2453475.0
2021-05-27 04:00:00,24.41,24.71,24.24,24.62,2600167.0
2021-05-28 04:00:00,24.7,24.955,24.625,24.82,2423867.0
2021-06-01 04:00:00,24.98,25.06,24.69,24.92,2169703.0
2021-06-02 04:00:00,24.92,25.05,24.67,25.05,2931051.0
2021-06-03 04:00:00,24.94,25.29,24.63,25.15,2171864.0
2021-06-04 04:00:00,25.31,25.5,25.0,25.35,2490794.0
2021-06-07 04:00:00,25.51,25.7,25.33,25.65,3289808.0
2021-06-08 04:00:00,25.71,26.19,25.415,26.01,2684877.0
2021-06-09 04:00:00,26.1,26.52,25.83,26.26,4202396.0
2021-06-10 04:00:00,26.26,26.55,25.9,25.91,2408788.0
2021-06-11 04:00:00,26.01,26.22,25.89,26.21,1275948.0
2021-06-14 04:00:00,26.26,26.37,25.84,25.89,2166328.0
2021-06-15 04:00:00,25.92,25.98,25.69,25.91,1983905.0
2021-06-16 04:00:00,25.99,26.6,25.99,26.55,4283578.0
2021-06-17 04:00:00,26.46,26.825,26.1,26.45,3600085.0
2021-06-18 04:00:00,26.01,26.44,25.93,26.12,2487942.0
2021-06-21 04:00:00,26.17,26.65,26.06,26.64,1855927.0
2021-06-22 04:00:00,26.65,26.91,26.435,26.87,1589637.0
2021-06-23 04:00:00,26.9,27.13,26.805,26.98,1313752.0
2021-06-24 04:00:00,27.1,27.43,26.95,27.21,1848364.0
2021-06-25 04:00:00,27.27,27.58,27.05,27.15,3852527.0
2021-06-28 04:00:00,27.12,27.16,26.74,27.08,1556184.0
2021-06-29 04:00:00,27.11,27.49,27.06,27.18,1594535.0
2021-06-30 04:00:00,27.31,27.57,27.21,27.3,2666819.0
2021-07-01 04:00:00,27.27,27.778,27.1,27.46,2950740.0
2021-07-02 04:00:00,27.54,27.57,26.871,26.95,1871760.0
2021-07-06 04:00:00,27.06,27.64,26.87,27.61,1770579.0
2021-07-07 04:00:00,27.64,27.81,26.83,27.03,2040475.0
2021-07-08 04:00:00,26.6,27.41,26.16,27.19,2066865.0
2021-07-09 04:00:00,27.31,27.43,27.0,27.39,1205388.0
2021-07-12 04:00:00,27.33,27.58,27.23,27.43,1331227.0
2021-07-13 04:00:00,27.4,27.635,27.22,27.25,1246669.0
2021-07-14 04:00:00,27.425,27.53,26.44,26.66,2091404.0
2021-07-15 04:00:00,26.54,26.915,26.325,26.49,2491843.0
2021-07-16 04:00:00,26.76,26.845,26.48,26.56,1867362.0
2021-07-19 04:00:00,26.19,26.63,26.04,26.63,2214443.0
2021-07-20 04:00:00,26.7,27.38,26.7,27.16,2208145.0
2021-07-21 04:00:00,27.15,27.73,27.15,27.66,2608215.0
2021-07-22 04:00:00,27.71,27.75,27.21,27.44,1829014.0
2021-07-23 04:00:00,27.32,27.805,27.32,27.74,985191.0
2021-07-26 04:00:00,27.79,27.94,27.46,27.51,1192404.0
2021-07-27 04:00:00,27.5,27.7,27.23,27.67,2193439.0
2021-07-28 04:00:00,27.32,27.785,26.43,27.61,2822006.0
2021-07-29 04:00:00,27.94,28.45,27.77,28.13,2570793.0
2021-07-30 04:00:00,28.19,28.34,28.015,28.04,2066621.0
2021-08-02 04:00:00,28.08,28.17,27.68,27.73,2362515.0
2021-08-03 04:00:00,27.85,28.26,27.6,28.0,2921637.0
2021-08-04 04:00:00,27.96,28.24,27.57,27.62,1626085.0
2021-08-05 04:00:00,27.52,27.62,27.14,27.35,2566589.0
2021-08-06 04:00:00,27.4,27.66,27.19,27.26,2168330.0
2021-08-09 04:00:00,27.21,27.56,27.02,27.52,2363497.0
2021-08-10 04:00:00,27.54,27.67,26.96,27.03,2207830.0
2021-08-11 04:00:00,26.97,27.14,26.35,27.02,3030927.0
2021-08-12 04:00:00,27.07,27.54,26.925,27.46,2756490.0
2021-08-13 04:00:00,27.43,27.47,27.01,27.15,1027383.0
2021-08-16 04:00:00,27.21,27.25,26.84,26.92,1590761.0
2021-08-17 04:00:00,26.75,27.0,26.63,26.96,1616271.0
2021-08-18 04:00:00,26.98,27.35,26.8,26.95,1424622.0
2021-08-19 04:00:00,26.78,27.08,26.58,26.59,1458554.0
2021-08-20 04:00:00,26.55,27.135,26.55,27.08,1584393.0
2021-08-23 04:00:00,27.29,27.42,27.135,27.29,1690050.0
2021-08-24 04:00:00,27.39,27.71,27.37,27.52,1251956.0
2021-08-25 04:00:00,27.47,27.77,27.385,27.67,1671047.0
2021-08-26 04:00:00,27.74,27.93,27.65,27.9,1085549.0
2021-08-27 04:00:00,28.0,28.515,27.88,28.29,856310.0
2021-08-30 04:00:00,28.37,28.765,28.32,28.55,1116026.0
2021-08-31 04:00:00,28.55,28.72,28.1,28.17,889909.0
2021-09-01 04:00:00,28.27,28.42,28.05,28.36,1011498.0
2021-09-02 04:00:00,28.51,28.8,28.442,28.59,961128.0
2021-09-03 04:00:00,28.52,28.72,28.115,28.19,730343.0
2021-09-07 04:00:00,28.18,28.29,27.98,28.04,1035292.0
2021-09-08 04:00:00,26.7,27.01,25.71,25.99,5217115.0
2021-09-09 04:00:00,25.68,25.92,24.83,25.07,5095317.0
2021-09-10 04:00:00,25.17,25.29,24.5,24.53,3810038.0
2021-09-13 04:00:00,24.0,24.49,23.65,23.97,4913203.0
2021-09-14 04:00:00,24.02,24.07,23.49,23.64,3168871.0
2021-09-15 04:00:00,23.57,23.74,23.405,23.55,3119642.0
2021-09-16 04:00:00,23.56,24.095,23.5,24.0,2947789.0
2021-09-17 04:00:00,24.02,24.2,23.645,23.73,4570542.0
2021-09-20 04:00:00,23.32,23.86,23.09,23.86,2993187.0
2021-09-21 04:00:00,24.0,24.035,23.565,23.69,2078588.0
2021-09-22 04:00:00,23.745,24.105,23.67,24.0,1708109.0
2021-09-23 04:00:00,24.09,24.5,24.005,24.11,3519167.0
2021-09-24 04:00:00,24.0,24.0712,23.74,23.83,2126050.0
2021-09-27 04:00:00,23.73,24.175,23.69,24.15,3349969.0
2021-09-28 04:00:00,24.0,24.14,23.405,23.68,2479420.0
2021-09-29 04:00:00,23.76,24.47,23.7,24.28,3017903.0
2021-09-30 04:00:00,24.32,24.555,24.07,24.09,4076958.0
2021-10-01 04:00:00,24.09,24.62,23.695,24.54,3352580.0
2021-10-04 04:00:00,24.77,24.8,23.52,23.76,3431514.0
2021-10-05 04:00:00,23.75,23.865,23.1,23.13,3387282.0
2021-10-06 04:00:00,23.0,23.15,22.8007,23.07,1911288.0
2021-10-07 04:00:00,23.09,23.45,23.025,23.12,1660879.0
2021-10-08 04:00:00,23.2,23.2,22.41,22.43,2350128.0
2021-10-11 04:00:00,22.32,22.46,22.07,22.27,2803427.0
2021-10-12 04:00:00,22.28,22.49,21.57,21.71,3381252.0
2021-10-13 04:00:00,21.8,21.98,21.33,21.86,4905467.0
2021-10-14 04:00:00,22.04,22.99,22.0,22.86,3530937.0
2021-10-15 04:00:00,23.08,23.4,22.78,22.92,1928683.0
2021-10-18 04:00:00,22.82,23.45,22.81,23.22,2785745.0
2021-10-19 04:00:00,23.37,23.67,23.18,23.38,1703697.0
2021-10-20 04:00:00,23.6,23.6,23.195,23.47,1218008.0
2021-10-21 04:00:00,23.35,23.82,23.28,23.8,1465248.0
2021-10-22 04:00:00,23.93,24.29,23.8,24.07,2415257.0
2021-10-25 04:00:00,24.03,24.35,23.825,24.21,1751576.0
2021-10-26 04:00:00,24.42,24.485,24.03,24.05,1876281.0
2021-10-27 04:00:00,24.36,25.19,23.98,24.69,4845749.0
2021-10-28 04:00:00,25.05,26.225,24.54,25.7,3870704.0
2021-10-29 04:00:00,25.49,25.785,25.32,25.68,2092146.0
2021-11-01 04:00:00,25.82,26.145,25.32,26.05,5267877.0
2021-11-02 04:00:00,24.91,25.39,24.6817,25.15,13370890.0
2021-11-03 04:00:00,25.17,25.955,24.84,25.81,7516432.0
2021-11-04 04:00:00,25.95,27.245,25.855,26.95,4065225.0
2021-11-05 04:00:00,27.08,27.67,26.93,27.63,5864308.0
2021-11-08 05:00:00,27.77,27.97,27.46,27.54,3972669.0
2021-11-09 05:00:00,27.52,27.55,26.795,26.97,1638101.0
2021-11-10 05:00:00,26.93,27.34,26.46,26.66,1580659.0
2021-11-11 05:00:00,26.79,27.11,26.58,26.7,1647425.0
2021-11-12 05:00:00,26.71,26.84,26.37,26.71,2112958.0
2021-11-15 05:00:00,27.05,27.285,26.78,26.92,2419659.0
2021-11-16 05:00:00,26.81,27.11,26.745,26.84,2365603.0
2021-11-17 05:00:00,26.83,26.92,26.615,26.76,908365.0
2021-11-18 05:00:00,26.8,26.84,26.28,26.59,5429402.0
2021-11-19 05:00:00,26.55,27.23,26.41,26.98,2201144.0
2021-11-22 05:00:00,27.21,27.33,26.3,26.59,2552365.0
2021-11-23 05:00:00,26.36,26.52,25.14,25.62,5577012.0
2021-11-24 05:00:00,26.23,26.28,25.48,26.24,1777616.0
2021-11-26 05:00:00,25.83,26.1,25.49,25.78,1458163.0
2021-11-29 05:00:00,26.18,26.26,25.57,25.99,1388410.0
2021-11-30 05:00:00,25.83,25.99,25.21,25.64,2968020.0
2021-12-01 05:00:00,25.92,26.195,24.64,24.7,3421087.0
2021-12-02 05:00:00,24.9,25.64,24.77,25.64,3097053.0
2021-12-03 05:00:00,25.77,26.03,25.23,25.51,1476087.0
2021-12-06 05:00:00,25.49,25.88,24.66,25.83,2578554.0
2021-12-07 05:00:00,26.29,26.895,26.15,26.56,3742670.0
2021-12-08 05:00:00,26.72,27.04,26.47,26.76,1648401.0
2021-12-09 05:00:00,26.58,26.76,25.9,25.99,2272581.0
2021-12-10 05:00:00,26.05,26.24,25.4426,25.78,1405351.0
2021-12-13 05:00:00,25.7,25.96,25.4,25.45,1558188.0
2021-12-14 05:00:00,24.8,24.9,23.82,24.34,3494276.0
2021-12-15 05:00:00,24.395,25.1093,24.28,25.02,1504679.0
2021-12-16 05:00:00,25.29,25.51,23.85,24.02,1907200.0
2021-12-17 05:00:00,23.82,24.355,23.15,23.95,3752599.0
2021-12-20 05:00:00,23.52,23.83,23.33,23.79,2400071.0
2021-12-21 05:00:00,24.0,24.28,23.75,24.19,1101065.0
2021-12-22 05:00:00,24.16,24.2702,23.7,23.98,1619112.0
2021-12-23 05:00:00,24.14,24.945,23.98,24.86,1208711.0
2021-12-27 05:00:00,24.9,25.06,24.55,24.98,1398850.0
2021-12-28 05:00:00,24.94,24.9799,24.42,24.7,1282281.0
2021-12-29 05:00:00,24.7,25.12,24.58,25.0,1106277.0
2021-12-30 05:00:00,25.0,25.355,25.0,25.18,2279322.0
2021-12-31 05:00:00,25.09,25.24,24.92,24.97,1349490.0
2022-01-03 05:00:00,25.17,25.17,24.025,24.38,4275093.0
2022-01-04 05:00:00,24.26,24.368,23.55,23.92,2508248.0
2022-01-05 05:00:00,23.83,23.9,22.73,22.84,3887920.0
2022-01-06 05:00:00,22.795,23.5,22.41,23.4,2416953.0
2022-01-07 05:00:00,23.48,23.77,22.53,22.55,4071596.0
2022-01-10 05:00:00,22.5,23.55,22.34,23.54,2855522.0
2022-01-11 05:00:00,23.505,23.98,23.35,23.97,2299720.0
2022-01-12 05:00:00,24.17,24.29,23.4,23.91,2179361.0
2022-01-13 05:00:00,24.07,24.195,23.72,23.77,2507668.0
2022-01-14 05:00:00,23.62,23.77,22.87,23.29,1810547.0
2022-01-18 05:00:00,22.89,23.16,22.46,22.73,2087188.0
2022-01-19 05:00:00,22.85,23.13,22.32,22.39,3156366.0
2022-01-20 05:00:00,22.385,23.06,21.96,21.98,1784146.0
2022-01-21 05:00:00,21.97,22.09,21.32,21.34,2037836.0
2022-01-24 05:00:00,21.02,22.0,20.538,21.92,2565934.0
2022-01-25 05:00:00,21.61,21.74,20.705,21.21,1641511.0
2022-01-26 05:00:00,21.44,21.61,20.482,20.63,2274448.0
2022-01-27 05:00:00,20.87,21.1,19.57,19.66,3074121.0
2022-01-28 05:00:00,19.64,20.06,19.11,20.05,2054608.0
2022-01-31 05:00:00,20.06,20.93,20.05,20.86,2576837.0
2022-02-01 05:00:00,21.05,21.28,20.48,21.11,2720853.0
2022-02-02 05:00:00,21.24,21.58,21.11,21.33,2412609.0
2022-02-03 05:00:00,20.9,21.41,20.855,20.93,4568430.0
2022-02-04 05:00:00,20.93,21.47,20.705,21.33,2645442.0
2022-02-07 05:00:00,21.37,22.09,21.32,21.62,3592594.0
2022-02-08 05:00:00,21.68,22.6,21.68,22.52,3952662.0
2022-02-09 05:00:00,22.87,23.1,22.46,22.82,1580141.0
2022-02-10 05:00:00,22.43,23.08,22.295,22.41,1350141.0
2022-02-11 05:00:00,22.41,22.54,20.96,21.14,1771848.0
2022-02-14 05:00:00,21.01,21.34,20.6,20.82,1553610.0
2022-02-15 05:00:00,21.25,21.7,21.09,21.68,1348559.0
2022-02-16 05:00:00,21.59,22.21,21.42,21.96,1166703.0
2022-02-17 05:00:00,21.67,21.735,20.67,20.69,1210537.0
2022-02-18 05:00:00,20.79,21.19,20.43,20.47,1685342.0
2022-02-22 05:00:00,20.22,20.35,19.515,19.57,2898621.0
2022-02-23 05:00:00,12.12,12.65,10.75,12.38,44348941.0
2022-02-24 05:00:00,11.48,12.56,11.31,12.39,17918767.0
2022-02-25 05:00:00,12.39,13.39,12.325,13.2,17192050.0
2022-02-28 05:00:00,12.94,13.39,12.82,13.02,7558829.0
2022-03-01 05:00:00,12.88,12.99,12.56,12.59,7668188.0
2022-03-02 05:00:00,12.62,12.74,11.875,12.0,7589441.0
2022-03-03 05:00:00,12.02,12.059,11.41,11.5,6230024.0
2022-03-04 05:00:00,11.43,11.53,10.39,10.57,8436620.0
2022-03-07 05:00:00,10.68,10.71,10.03,10.05,10042701.0
2022-03-08 05:00:00,10.1,10.31,9.59,10.19,6391616.0
2022-03-09 05:00:00,10.53,11.1,10.475,10.92,7174907.0
2022-03-10 05:00:00,10.6,11.49,10.47,11.39,6141974.0
2022-03-11 05:00:00,11.54,11.975,11.48,11.84,6518868.0
2022-03-14 04:00:00,11.81,12.0,10.975,11.13,5718321.0
2022-03-15 04:00:00,11.16,11.92,10.955,11.89,5581882.0
2022-03-16 04:00:00,12.02,12.55,12.01,12.32,5783202.0
2022-03-17 04:00:00,12.21,13.39,12.155,13.22,5278019.0
2022-03-18 04:00:00,13.04,13.62,13.04,13.4,4513539.0
2022-03-21 04:00:00,13.685,13.78,12.855,13.04,6229352.0
2022-03-22 04:00:00,13.08,13.61,13.01,13.42,7609869.0
2022-03-23 04:00:00,13.14,13.56,12.98,13.11,5698424.0
2022-03-24 04:00:00,13.14,13.21,12.565,12.78,4380140.0
2022-03-25 04:00:00,12.72,12.92,12.14,12.85,4676056.0
2022-03-28 04:00:00,12.86,13.15,12.51,13.05,4792635.0
2022-03-29 04:00:00,13.4,13.85,13.3,13.64,5330725.0
2022-03-30 04:00:00,13.35,13.76,13.34,13.71,4587931.0
2022-03-31 04:00:00,13.8,14.25,13.69,14.0,5565198.0
2022-04-01 04:00:00,14.73,15.195,14.36,14.58,6237165.0
2022-04-04 04:00:00,14.34,14.53,13.93,14.49,3067081.0
2022-04-05 04:00:00,14.58,14.61,13.755,13.85,4378699.0
2022-04-06 04:00:00,13.52,13.7453,13.2738,13.66,2470980.0
2022-04-07 04:00:00,13.64,13.91,13.2401,13.47,3169506.0
2022-04-08 04:00:00,13.41,13.74,13.29,13.54,3341009.0
2022-04-11 04:00:00,13.3,13.6,12.92,12.96,3885507.0
2022-04-12 04:00:00,13.09,13.25,12.26,12.37,4140846.0
2022-04-13 04:00:00,12.32,13.12,12.32,13.12,2574968.0
2022-04-14 04:00:00,13.035,13.165,12.34,12.38,3012646.0
2022-04-18 04:00:00,12.23,12.39,11.845,12.06,3221697.0
2022-04-19 04:00:00,12.08,13.22,11.94,13.07,4146677.0
2022-04-20 04:00:00,13.2,13.27,12.875,12.9,4125408.0
2022-04-21 04:00:00,13.05,13.12,12.3,12.44,3047820.0
2022-04-22 04:00:00,12.31,12.375,11.57,11.63,3708448.0
2022-04-25 04:00:00,11.5,12.09,11.29,12.06,5055468.0
2022-04-26 04:00:00,11.96,12.04,11.51,11.54,4863363.0
2022-04-27 04:00:00,12.755,13.22,12.39,12.87,6304421.0
2022-04-28 04:00:00,12.98,13.09,12.1,12.76,4640951.0
2022-04-29 04:00:00,12.66,13.13,12.47,12.53,3631966.0
2022-05-02 04:00:00,12.48,12.91,12.16,12.61,3397588.0
2022-05-03 04:00:00,12.48,12.925,12.415,12.75,1929830.0
2022-05-04 04:00:00,12.73,13.32,12.255,13.29,2342330.0
2022-05-05 04:00:00,13.13,13.13,12.21,12.51,3199231.0
2022-05-06 04:00:00,12.38,12.41,11.795,12.21,2076277.0
2022-05-09 04:00:00,11.85,11.91,11.14,11.16,2664481.0
2022-05-10 04:00:00,11.39,11.56,10.04,10.05,6103541.0
2022-05-11 04:00:00,9.89,10.42,9.61,10.17,5569864.0
2022-05-12 04:00:00,9.88,10.68,9.88,10.44,4539795.0
2022-05-13 04:00:00,10.74,11.465,10.64,11.3,3724753.0
2022-05-16 04:00:00,11.22,11.31,10.72,10.79,2216982.0
2022-05-17 04:00:00,11.16,11.47,11.035,11.41,2745804.0
2022-05-18 04:00:00,11.21,11.58,10.85,10.92,2734342.0
2022-05-19 04:00:00,10.84,11.59,10.84,10.98,4873660.0
2022-05-20 04:00:00,11.12,11.18,10.6,10.84,5960155.0
2022-05-23 04:00:00,10.86,11.0,10.55,10.79,3018968.0
2022-05-24 04:00:00,10.69,10.69,9.845,10.25,4667740.0
2022-05-25 04:00:00,10.25,10.415,9.67,10.24,7147616.0
2022-05-26 04:00:00,10.34,11.26,10.27,10.86,5966986.0
2022-05-27 04:00:00,11.07,11.505,10.99,11.44,5822315.0
2022-05-31 04:00:00,11.49,11.49,10.94,10.99,5310631.0
2022-06-01 04:00:00,10.92,11.16,10.0,10.34,9220376.0
2022-06-02 04:00:00,10.4,11.05,10.315,10.86,8995838.0
2022-06-03 04:00:00,10.69,10.94,10.2,10.87,14598527.0
2022-06-06 04:00:00,11.19,11.37,10.85,11.02,6891392.0
2022-06-07 04:00:00,10.87,11.45,10.8,11.41,5971662.0
2022-06-08 04:00:00,11.21,11.33,10.73,10.95,5353084.0
2022-06-09 04:00:00,10.86,10.86,10.48,10.49,4997607.0
2022-06-10 04:00:00,10.21,10.33,10.02,10.09,5388937.0
2022-06-13 04:00:00,9.71,9.89,9.4,9.41,6325325.0
2022-06-14 04:00:00,9.46,9.61,9.17,9.36,6433140.0
2022-06-15 04:00:00,9.45,10.065,9.36,9.69,5399972.0
2022-06-16 04:00:00,9.33,9.45,8.915,9.04,5474890.0
2022-06-17 04:00:00,9.07,9.325,9.0,9.18,4339716.0
2022-06-21 04:00:00,9.35,9.35,9.03,9.19,4084455.0
2022-06-22 04:00:00,8.92,9.305,8.92,9.19,4048008.0
2022-06-23 04:00:00,9.21,9.43,9.02,9.42,2701553.0
2022-06-24 04:00:00,9.55,10.27,9.53,10.23,9564755.0
2022-06-27 04:00:00,10.32,10.4,9.89,10.0,3144842.0
2022-06-28 04:00:00,10.05,10.305,9.555,9.59,2000722.0
2022-06-29 04:00:00,9.52,9.555,8.92,8.94,4448891.0
2022-06-30 04:00:00,8.73,8.79,8.15,8.22,8105819.0
2022-07-01 04:00:00,8.16,8.54,8.09,8.29,5359537.0
2022-07-05 04:00:00,8.12,8.61,7.76,8.6,4408715.0
2022-07-06 04:00:00,8.55,8.8,8.43,8.64,8316111.0
2022-07-07 04:00:00,8.75,9.24,8.65,9.17,3638869.0
2022-07-08 04:00:00,9.12,9.28,8.94,9.03,1969879.0
2022-07-11 04:00:00,8.88,9.0,8.61,8.68,3211810.0
2022-07-12 04:00:00,8.6,9.005,8.55,8.68,3344232.0
2022-07-13 04:00:00,8.45,8.64,8.26,8.39,2941229.0
2022-07-14 04:00:00,8.17,8.51,8.12,8.43,2942845.0
2022-07-15 04:00:00,8.63,9.03,8.39,8.94,3447555.0
2022-07-18 04:00:00,9.13,9.165,8.75,8.79,2239066.0
2022-07-19 04:00:00,9.02,9.53,8.93,9.51,2674119.0
2022-07-20 04:00:00,9.61,10.24,9.61,10.17,3432382.0
2022-07-21 04:00:00,10.12,10.46,10.09,10.37,2135461.0
2022-07-22 04:00:00,10.44,10.79,10.345,10.61,3593563.0
2022-07-25 04:00:00,10.56,10.695,10.28,10.46,2204688.0
2022-07-26 04:00:00,10.37,10.42,10.18,10.25,1502348.0
2022-07-27 04:00:00,10.44,10.52,10.28,10.5,2043719.0
2022-07-28 04:00:00,10.77,11.0275,10.53,10.98,2028732.0
2022-07-29 04:00:00,10.94,11.43,10.88,11.42,2963240.0
2022-08-01 04:00:00,11.23,11.575,11.08,11.45,2515182.0
2022-08-02 04:00:00,11.29,12.0,11.29,11.77,4071733.0
2022-08-03 04:00:00,11.64,12.445,10.73,11.99,9989291.0
2022-08-04 04:00:00,12.2,13.43,12.0,13.17,6395892.0
2022-08-05 04:00:00,12.78,13.0,12.485,12.83,4955433.0
2022-08-08 04:00:00,13.02,13.46,12.91,12.97,3033483.0
2022-08-09 04:00:00,12.73,12.73,11.91,12.16,5297780.0
2022-08-10 04:00:00,12.67,12.97,12.19,12.96,4786916.0
2022-08-11 04:00:00,13.14,13.4,12.74,12.83,3215224.0
2022-08-12 04:00:00,13.06,13.54,12.88,13.52,3879589.0
2022-08-15 04:00:00,13.42,13.68,13.1,13.34,3469650.0
2022-08-16 04:00:00,13.15,13.65,13.07,13.39,4084878.0
2022-08-17 04:00:00,12.99,13.25,12.725,13.11,3508492.0
2022-08-18 04:00:00,13.11,13.25,12.91,13.06,2982549.0
2022-08-19 04:00:00,12.84,12.97,12.3,12.33,2441818.0
2022-08-22 04:00:00,11.96,12.265,11.835,12.05,4354390.0
2022-08-23 04:00:00,12.05,12.19,11.94,12.05,2899877.0
2022-08-24 04:00:00,12.12,12.32,11.98,12.21,1583346.0
2022-08-25 04:00:00,12.39,12.65,12.24,12.51,2570649.0
2022-08-26 04:00:00,12.48,12.48,11.79,11.83,2808469.0
2022-08-29 04:00:00,11.55,12.1,11.5206,11.88,2213424.0
2022-08-30 04:00:00,12.03,12.17,11.58,11.75,1515324.0
2022-08-31 04:00:00,11.81,11.87,11.305,11.53,3629990.0
2022-09-01 04:00:00,11.35,11.53,11.0,11.49,4762151.0
2022-09-02 04:00:00,11.72,11.72,11.15,11.21,2851018.0
2022-09-06 04:00:00,11.27,11.29,11.015,11.18,1548076.0
2022-09-07 04:00:00,11.14,11.84,11.1,11.71,1378354.0
2022-09-08 04:00:00,11.52,12.26,11.52,12.23,2342981.0
2022-09-09 04:00:00,12.38,13.45,12.38,13.37,4838390.0
2022-09-12 04:00:00,13.25,13.52,13.135,13.43,4121428.0
2022-09-13 04:00:00,12.84,13.18,12.64,12.72,3496899.0
2022-09-14 04:00:00,12.67,13.1,12.22,13.06,4740920.0
2022-09-15 04:00:00,12.92,13.355,12.89,13.02,2073859.0
2022-09-16 04:00:00,12.66,12.69,12.115,12.33,3532358.0
2022-09-19 04:00:00,12.1,12.555,12.06,12.51,2385196.0
2022-09-20 04:00:00,12.32,12.435,12.08,12.2,2641823.0
2022-09-21 04:00:00,12.3,12.42,11.7,11.75,2627820.0
2022-09-22 04:00:00,11.68,11.76,10.98,11.03,5368360.0
2022-09-23 04:00:00,10.53,10.74,9.7601,9.95,4132199.0
2022-09-26 04:00:00,9.82,10.25,9.64,9.79,5170923.0
2022-09-27 04:00:00,9.98,10.2,9.595,9.68,3914252.0
2022-09-28 04:00:00,9.71,10.46,9.67,10.34,2642369.0
2022-09-29 04:00:00,9.99,10.09,9.48,9.69,2322877.0
2022-09-30 04:00:00,9.66,10.095,9.6007,9.72,2685642.0
2022-10-03 04:00:00,9.93,11.645,9.89,11.25,7401556.0
2022-10-04 04:00:00,11.66,12.32,11.57,11.96,4771157.0
2022-10-05 04:00:00,11.62,12.055,11.375,11.99,3558000.0
2022-10-06 04:00:00,11.98,12.22,11.77,11.86,3684988.0
2022-10-07 04:00:00,11.62,11.76,10.92,10.95,2473348.0
2022-10-10 04:00:00,11.01,11.36,10.985,11.24,5607869.0
2022-10-11 04:00:00,11.15,11.33,10.77,11.08,6192092.0
2022-10-12 04:00:00,11.11,11.23,10.83,10.91,3354314.0
2022-10-13 04:00:00,10.44,11.035,10.235,10.88,9816677.0
2022-10-14 04:00:00,10.92,11.145,10.21,10.22,4166029.0
2022-10-17 04:00:00,10.51,10.885,10.46,10.86,5278387.0
2022-10-18 04:00:00,11.35,11.58,11.23,11.48,16244038.0
2022-10-19 04:00:00,11.33,11.47,11.1,11.4,8678392.0
2022-10-20 04:00:00,12.14,13.175,12.08,12.37,11496659.0
2022-10-21 04:00:00,12.31,13.385,12.17,13.21,5760882.0
2022-10-24 04:00:00,13.26,13.89,12.99,13.78,4174417.0
2022-10-25 04:00:00,13.89,14.36,13.85,14.13,5039124.0
2022-10-26 04:00:00,14.22,14.75,13.69,14.6,7201483.0
2022-10-27 04:00:00,15.25,15.74,14.49,14.79,6037465.0
2022-10-28 04:00:00,14.78,15.01,14.155,14.96,4651615.0
2022-10-31 04:00:00,14.88,15.03,14.255,14.31,4395228.0
2022-11-01 04:00:00,14.65,14.93,14.2,14.84,4321223.0
2022-11-02 04:00:00,14.72,14.85,14.05,14.08,3673477.0
2022-11-03 04:00:00,13.8,14.365,13.74,13.92,5025904.0
2022-11-04 04:00:00,14.31,14.405,13.64,14.18,3230830.0
2022-11-07 05:00:00,14.83,14.94,14.005,14.6,3503258.0
2022-11-08 05:00:00,14.63,14.815,14.28,14.66,3478593.0
2022-11-09 05:00:00,14.36,14.76,14.215,14.64,3066543.0
2022-11-10 05:00:00,15.6,16.065,15.15,15.28,5087200.0
2022-11-11 05:00:00,15.41,16.02,15.26,15.36,3801998.0
2022-11-14 05:00:00,15.14,15.4462,14.92,14.93,2306422.0
2022-11-15 05:00:00,15.43,15.74,14.44,14.7,5622597.0
2022-11-16 05:00:00,14.44,14.59,13.385,13.88,5325636.0
2022-11-17 05:00:00,13.52,14.1,13.46,13.99,3607871.0
2022-11-18 05:00:00,14.19,14.24,13.57,13.84,2389406.0
2022-11-21 05:00:00,13.79,14.2,13.66,14.03,2597372.0
2022-11-22 05:00:00,14.07,14.19,13.575,13.81,2076406.0
2022-11-23 05:00:00,13.83,14.085,13.82,13.86,1497441.0
2022-11-25 05:00:00,13.83,13.955,13.6,13.74,1138774.0
2022-11-28 05:00:00,13.49,14.06,13.025,13.1,2479180.0
2022-11-29 05:00:00,13.16,13.27,13.03,13.2,1933726.0
2022-11-30 05:00:00,13.26,13.91,13.08,13.85,2282860.0
2022-12-01 05:00:00,14.25,14.575,14.05,14.2,2557055.0
2022-12-02 05:00:00,13.88,14.92,13.82,14.76,3201343.0
2022-12-05 05:00:00,14.49,14.615,14.16,14.35,2045578.0
2022-12-06 05:00:00,14.42,14.49,13.82,13.93,3117135.0
2022-12-07 05:00:00,13.87,14.035,13.49,13.66,2911932.0
2022-12-08 05:00:00,13.81,14.52,13.7009,14.24,2774220.0
2022-12-09 05:00:00,14.17,14.4407,13.64,13.64,2469012.0
2022-12-12 05:00:00,13.58,13.66,13.335,13.62,2398691.0
2022-12-13 05:00:00,14.28,14.495,13.755,14.08,2798859.0
2022-12-14 05:00:00,14.01,14.255,13.77,13.91,1893845.0
2022-12-15 05:00:00,13.57,13.75,13.135,13.25,1879244.0
2022-12-16 05:00:00,13.08,13.27,12.89,13.14,4501470.0
2022-12-19 05:00:00,13.16,13.16,12.61,12.68,2309356.0
2022-12-20 05:00:00,12.55,12.98,12.33,12.85,1624423.0
2022-12-21 05:00:00,13.0,13.265,12.91,13.14,1621384.0
2022-12-22 05:00:00,12.92,13.0,12.53,12.78,1663179.0
2022-12-23 05:00:00,12.77,12.89,12.55,12.82,1282336.0
2022-12-27 05:00:00,12.85,13.01,12.56,12.58,2087376.0
2022-12-28 05:00:00,12.63,12.81,12.3,12.35,1633218.0
2022-12-29 05:00:00,12.58,13.765,12.58,13.53,3452142.0
2022-12-30 05:00:00,13.26,13.68,13.24,13.66,2353954.0
2023-01-03 05:00:00,13.86,14.11,13.21,13.3,3458272.0
2023-01-04 05:00:00,13.51,13.615,13.14,13.5,2505339.0
2023-01-05 05:00:00,13.35,13.57,13.14,13.53,2951628.0
2023-01-06 05:00:00,13.74,14.205,13.53,14.12,2504685.0
2023-01-09 05:00:00,14.26,15.1,14.2,14.82,4388610.0
2023-01-10 05:00:00,14.72,14.76,14.045,14.52,2424958.0
2023-01-11 05:00:00,14.7,14.79,14.37,14.64,1817874.0
2023-01-12 05:00:00,14.71,15.0,14.48,14.98,1886463.0
2023-01-13 05:00:00,14.82,15.0,14.665,14.97,1840534.0
2023-01-17 05:00:00,14.95,15.0,14.76,14.96,1798214.0
2023-01-18 05:00:00,15.02,15.39,14.465,14.48,2442931.0
2023-01-19 05:00:00,14.22,14.38,13.9116,13.94,2197046.0
2023-01-20 05:00:00,14.11,14.595,13.901,14.52,1491001.0
2023-01-23 05:00:00,14.65,15.625,14.61,15.53,4017694.0
2023-01-24 05:00:00,15.54,15.57,15.115,15.25,2496735.0
2023-01-25 05:00:00,14.81,14.84,14.29,14.35,3616441.0
2023-01-26 05:00:00,14.61,14.67,13.645,14.05,4217216.0
2023-01-27 05:00:00,13.9,14.505,13.86,14.38,3144096.0
2023-01-30 05:00:00,14.09,14.19,13.775,13.96,1808125.0
2023-01-31 05:00:00,14.03,14.295,13.89,14.22,2066480.0
2023-02-01 05:00:00,14.18,14.895,13.98,14.7,2065906.0
2023-02-02 05:00:00,14.93,15.36,14.84,15.04,2340468.0
2023-02-03 05:00:00,14.63,15.225,14.475,14.59,3013585.0
2023-02-06 05:00:00,14.32,14.47,14.08,14.2,3748517.0
2023-02-07 05:00:00,14.29,15.29,14.185,15.25,4991250.0
2023-02-08 05:00:00,15.09,15.85,14.98,15.73,5075125.0
2023-02-09 05:00:00,16.05,16.2916,15.44,15.65,3937868.0
2023-02-10 05:00:00,15.56,15.67,14.36,14.46,3260234.0
2023-02-13 05:00:00,14.47,15.23,14.35,15.22,2269425.0
2023-02-14 05:00:00,15.05,15.7,14.905,15.63,2557261.0
2023-02-15 05:00:00,15.63,16.1,15.44,16.07,3355013.0
2023-02-16 05:00:00,15.74,16.235,15.62,16.03,2939917.0
2023-02-17 05:00:00,15.82,16.08,15.67,16.06,3823910.0
2023-02-21 05:00:00,15.83,16.0,15.2,15.26,4883380.0
2023-02-22 05:00:00,17.01,17.88,15.235,15.52,11976677.0
2023-02-23 05:00:00,15.9,16.49,15.54,16.46,7040275.0
2023-02-24 05:00:00,16.24,16.24,15.39,15.81,3492345.0
2023-02-27 05:00:00,16.03,16.095,15.68,15.76,2715484.0
2023-02-28 05:00:00,15.66,16.34,15.625,16.25,3105853.0
2023-03-01 05:00:00,16.17,16.46,15.9818,16.13,3630403.0
2023-03-02 05:00:00,15.78,15.92,15.6,15.83,3145851.0
2023-03-03 05:00:00,15.88,16.45,15.745,16.36,3580841.0
2023-03-06 05:00:00,16.39,16.61,16.02,16.19,3333580.0
2023-03-07 05:00:00,16.14,16.34,15.79,15.84,1725833.0
2023-03-08 05:00:00,15.87,15.97,15.68,15.74,2076898.0
2023-03-09 05:00:00,15.87,15.94,15.35,15.38,2730154.0
2023-03-10 05:00:00,15.39,15.39,14.06,14.24,4830135.0
2023-03-13 04:00:00,13.94,14.09,13.49,13.83,4944558.0
2023-03-14 04:00:00,14.19,14.39,13.775,13.95,3306232.0
2023-03-15 04:00:00,13.43,13.56,12.905,13.32,3688673.0
2023-03-16 04:00:00,13.1,13.75,13.03,13.6,2994962.0
2023-03-17 04:00:00,13.48,13.66,13.09,13.12,4399501.0
2023-03-20 04:00:00,13.33,13.36,12.97,13.22,4987650.0
2023-03-21 04:00:00,13.68,13.82,13.585,13.77,2253222.0
2023-03-22 04:00:00,13.79,14.045,13.44,13.45,2532912.0
2023-03-23 04:00:00,13.6,14.05,12.99,13.23,2124996.0
2023-03-24 04:00:00,13.04,13.17,12.695,13.09,1880438.0
2023-03-27 04:00:00,13.3,13.36,13.04,13.19,2611325.0
2023-03-28 04:00:00,13.19,13.3483,13.04,13.21,1967754.0
2023-03-29 04:00:00,13.53,13.805,13.39,13.71,3241592.0
2023-03-30 04:00:00,13.99,14.15,13.78,13.8,2696533.0
2023-03-31 04:00:00,13.96,14.44,13.89,14.31,3137027.0
2023-04-03 04:00:00,14.24,14.4499,13.73,13.97,2261327.0
2023-04-04 04:00:00,13.98,14.099,12.95,13.1,2943141.0
2023-04-05 04:00:00,12.92,13.0025,12.715,12.92,3206833.0
2023-04-06 04:00:00,12.85,12.885,12.26,12.38,3482164.0
2023-04-10 04:00:00,12.3,12.62,12.235,12.55,3449823.0
2023-04-11 04:00:00,12.6,12.7458,12.47,12.55,2925481.0
2023-04-12 04:00:00,12.67,12.67,12.19,12.25,2689491.0
2023-04-13 04:00:00,12.28,12.48,12.05,12.43,4092600.0
2023-04-14 04:00:00,12.36,12.63,12.19,12.43,2621001.0
2023-04-17 04:00:00,12.44,12.72,12.34,12.57,2361978.0
2023-04-18 04:00:00,12.65,12.7292,12.12,12.36,3716193.0
2023-04-19 04:00:00,12.14,12.51,12.015,12.49,4485632.0
2023-04-20 04:00:00,12.28,12.52,12.16,12.27,1937491.0
2023-04-21 04:00:00,12.23,12.34,11.95,12.18,2575291.0
2023-04-24 04:00:00,12.26,12.77,12.1976,12.73,5059315.0
2023-04-25 04:00:00,12.55,12.67,12.22,12.23,6829923.0
2023-04-26 04:00:00,14.33,15.15,13.06,13.59,16760465.0
2023-04-27 04:00:00,14.0,14.695,13.725,14.49,6112621.0
2023-04-28 04:00:00,14.51,15.09,14.4,14.92,5048553.0
2023-05-01 04:00:00,14.78,15.01,14.64,14.82,3492949.0
2023-05-02 04:00:00,14.84,14.99,14.495,14.92,3744829.0
2023-05-03 04:00:00,14.98,15.55,14.885,14.93,5293086.0
2023-05-04 04:00:00,14.9,14.92,14.275,14.31,3302492.0
2023-05-05 04:00:00,14.44,15.225,14.2799,14.98,4187373.0
2023-05-08 04:00:00,15.18,15.2162,14.68,15.08,2129972.0
2023-05-09 04:00:00,14.91,15.415,14.835,15.26,3253137.0
2023-05-10 04:00:00,15.48,15.575,15.05,15.29,2510000.0
2023-05-11 04:00:00,15.23,15.415,15.07,15.33,1672046.0
2023-05-12 04:00:00,15.31,15.46,14.95,15.1,1711292.0
2023-05-15 04:00:00,15.1,15.505,15.07,15.32,2162365.0
2023-05-16 04:00:00,15.26,15.26,15.0,15.13,1630181.0
2023-05-17 04:00:00,15.31,15.68,15.175,15.63,2741209.0
2023-05-18 04:00:00,15.51,16.05,15.4,15.96,4900285.0
2023-05-19 04:00:00,16.07,16.09,15.5,15.56,3661351.0
2023-05-22 04:00:00,15.77,16.765,15.6401,16.51,7543756.0
2023-05-23 04:00:00,16.31,16.72,16.17,16.29,5738816.0
2023-05-24 04:00:00,16.0,16.39,15.75,16.24,4048832.0
2023-05-25 04:00:00,18.3,19.19,17.945,18.51,29409888.0
2023-05-26 04:00:00,18.72,20.0,18.49,19.74,16000162.0
2023-05-30 04:00:00,20.43,20.53,19.92,20.095,584070.0
2023-05-31 04:00:00,19.87,19.9064,18.74,19.3,5854968.0
2023-06-01 04:00:00,19.37,19.65,19.1,19.4,4783172.0
2023-06-02 04:00:00,19.84,19.96,19.375,19.8,4021892.0
2023-06-05 04:00:00,19.44,20.14,19.36,20.07,4568545.0
2023-06-06 04:00:00,19.83,20.39,19.82,20.0,2966874.0
2023-06-07 04:00:00,20.0,20.61,19.89,20.56,5017801.0
2023-06-08 04:00:00,20.39,20.675,20.06,20.58,3695394.0
2023-06-09 04:00:00,21.23,21.35,20.85,21.19,3982742.0
2023-06-12 04:00:00,21.3,21.54,21.02,21.11,4767673.0
2023-06-13 04:00:00,21.44,22.515,21.4,22.45,6638666.0
2023-06-14 04:00:00,22.5,22.8,22.24,22.55,4516606.0
2023-06-15 04:00:00,22.42,22.775,22.15,22.6,4453303.0
2023-06-16 04:00:00,22.8,23.09,22.365,22.54,7713660.0
2023-06-20 04:00:00,22.45,23.405,22.39,23.34,5143545.0
2023-06-21 04:00:00,23.01,23.18,22.31,22.97,4860822.0
2023-06-22 04:00:00,22.76,23.43,22.6,23.31,4356874.0
2023-06-23 04:00:00,22.84,23.73,22.815,23.64,6516607.0
2023-06-26 04:00:00,23.5,24.26,23.38,23.45,7315207.0
2023-06-27 04:00:00,23.51,24.015,23.27,23.8,3704865.0
2023-06-28 04:00:00,23.59,23.77,23.07,23.35,5087990.0
2023-06-29 04:00:00,23.96,24.3292,23.785,24.13,8865521.0
2023-06-30 04:00:00,24.34,25.01,24.03,24.77,5216226.0
2023-07-03 04:00:00,24.8,24.91,24.44,24.87,1881917.0
2023-07-05 04:00:00,24.725,24.78,24.29,24.3,3535209.0
2023-07-06 04:00:00,24.06,24.165,23.51,24.08,3814637.0
2023-07-07 04:00:00,24.57,25.0,24.46,24.65,2532586.0
2023-07-10 04:00:00,24.73,25.505,24.66,25.38,2523114.0
2023-07-11 04:00:00,25.31,25.59,25.19,25.31,3047606.0
2023-07-12 04:00:00,25.63,25.975,25.27,25.76,3119957.0
2023-07-13 04:00:00,25.94,27.03,25.77,26.51,5184687.0
2023-07-14 04:00:00,26.52,26.8,26.035,26.35,3135163.0
2023-07-17 04:00:00,26.3,26.72,26.11,26.35,3027360.0
2023-07-18 04:00:00,26.4,26.815,26.04,26.73,4121209.0
2023-07-19 04:00:00,26.52,26.78,26.28,26.69,6889789.0
2023-07-20 04:00:00,26.4,26.7,26.07,26.17,6024025.0
2023-07-21 04:00:00,26.43,26.47,25.34,25.68,5709893.0
2023-07-24 04:00:00,25.52,25.95,25.225,25.78,3872116.0
2023-07-25 04:00:00,25.67,26.275,25.575,25.99,2741718.0
2023-07-26 04:00:00,25.7,26.08,25.09,25.34,5117650.0
2023-07-27 04:00:00,25.85,26.03,25.09,25.32,4690020.0
2023-07-28 04:00:00,25.69,26.219,25.61,25.95,4622643.0
2023-07-31 04:00:00,25.77,26.105,25.41,26.01,5875117.0
2023-08-01 04:00:00,25.67,26.63,25.48,26.53,9892121.0
2023-08-02 04:00:00,33.0,35.38,31.5701,34.29,38479088.0
2023-08-03 04:00:00,34.1,34.59,33.0601,34.5,12837914.0
2023-08-04 04:00:00,34.96,36.595,34.76,35.71,9938368.0
2023-08-07 04:00:00,35.0,36.41,34.86,35.72,14131771.0
2023-08-08 04:00:00,35.55,36.47,34.96,36.22,7777744.0
2023-08-09 04:00:00,36.37,36.69,34.675,34.82,7518938.0
2023-08-10 04:00:00,34.71,34.95,32.74,33.87,11382271.0
2023-08-11 04:00:00,34.15,34.58,33.38,33.51,6050438.0
2023-08-14 04:00:00,33.57,34.86,33.25,34.58,5947787.0
2023-08-15 04:00:00,34.61,34.92,34.055,34.73,5592405.0
2023-08-16 04:00:00,34.71,34.98,33.7,33.74,5438160.0
2023-08-17 04:00:00,33.79,33.96,32.885,32.99,6342108.0
2023-08-18 04:00:00,33.0,34.33,32.38,33.97,7282734.0
2023-08-21 04:00:00,34.2,35.24,33.65,35.07,5952883.0
2023-08-22 04:00:00,35.38,35.7999,34.54,34.97,4276406.0
2023-08-23 04:00:00,35.13,36.2,34.89,35.68,4733291.0
2023-08-24 04:00:00,36.89,37.22,34.99,35.01,10481007.0
2023-08-25 04:00:00,35.22,37.95,35.11,37.5,10429677.0
2023-08-28 04:00:00,37.44,38.538,37.21,38.17,6433266.0
2023-08-29 04:00:00,37.7,39.16,37.4,38.72,5746554.0
2023-08-30 04:00:00,38.5,39.2483,38.38,38.89,3397007.0
2023-08-31 04:00:00,39.08,39.5,38.775,39.39,3569432.0
2023-09-01 04:00:00,39.62,40.41,39.19,39.87,4614280.0
2023-09-05 04:00:00,39.85,40.14,38.78,39.13,3719491.0
2023-09-06 04:00:00,39.2,39.5799,37.66,38.44,7073943.0
2023-09-07 04:00:00,38.16,39.77,37.81,39.6,6757275.0
2023-09-08 04:00:00,39.33,40.15,39.045,39.2,3864035.0
2023-09-11 04:00:00,38.18,39.23,37.85,39.2,6528510.0
2023-09-12 04:00:00,38.87,39.71,37.31,37.62,5653668.0
2023-09-13 04:00:00,37.43,37.79,36.22,37.03,7073308.0
2023-09-14 04:00:00,37.97,39.24,37.925,38.44,6826036.0
2023-09-15 04:00:00,37.75,38.47,37.5,38.17,7132824.0
2023-09-18 04:00:00,37.47,38.305,36.72,37.8,4100068.0
2023-09-19 04:00:00,37.97,38.4199,37.32,38.06,2445720.0
2023-09-20 04:00:00,38.16,38.7574,37.1,37.12,3697138.0
2023-09-21 04:00:00,36.7,36.84,35.8,36.32,3686148.0
2023-09-22 04:00:00,36.73,36.91,36.21,36.45,2666414.0
2023-09-25 04:00:00,36.44,37.54,36.2,36.77,4134286.0
2023-09-26 04:00:00,36.5,36.76,35.49,35.52,4622712.0
2023-09-27 04:00:00,35.96,36.56,35.72,36.18,5576399.0
2023-09-28 04:00:00,36.26,38.1,36.11,37.0,4655836.0
2023-09-29 04:00:00,37.42,38.71,37.121,37.2,4526751.0
2023-10-02 04:00:00,38.05,38.97,37.7,38.41,6750246.0
2023-10-03 04:00:00,37.87,39.23,36.4,36.84,6541442.0
2023-10-04 04:00:00,36.9,38.58,36.63,38.19,5267523.0
2023-10-05 04:00:00,37.57,38.52,37.3,38.18,3903869.0
2023-10-06 04:00:00,37.78,40.2,37.53,39.77,7099440.0
2023-10-09 04:00:00,39.29,40.14,38.28,40.13,5777509.0
2023-10-10 04:00:00,40.98,42.72,40.5,40.58,8552259.0
2023-10-11 04:00:00,40.7,42.53,40.5413,41.73,8423293.0
2023-10-12 04:00:00,41.81,43.13,41.21,41.81,6449904.0
2023-10-13 04:00:00,41.6,42.06,39.01,39.1,6903641.0
2023-10-16 04:00:00,39.47,40.9232,39.2,40.65,4355123.0
2023-10-17 04:00:00,39.65,41.39,38.62,41.19,5069038.0
2023-10-18 04:00:00,40.49,40.78,38.46,38.75,6822607.0
2023-10-19 04:00:00,39.02,39.48,36.96,37.42,8790741.0
2023-10-20 04:00:00,37.19,37.94,35.65,36.74,8789395.0
2023-10-23 04:00:00,36.79,38.312,36.2379,37.29,6632055.0
2023-10-24 04:00:00,37.72,39.2,37.57,39.03,9674146.0
2023-10-25 04:00:00,41.54,41.92,36.0,37.39,17130463.0
2023-10-26 04:00:00,37.57,38.1,34.6,34.86,10769648.0
2023-10-27 04:00:00,35.66,36.81,35.6013,36.42,7865406.0
2023-10-30 04:00:00,36.92,38.5,36.4,38.28,6218919.0
2023-10-31 04:00:00,38.03,39.445,37.21,39.27,5648466.0
2023-11-01 04:00:00,39.35,40.26,39.07,40.23,5920418.0
2023-11-02 04:00:00,40.93,41.8,39.67,39.98,5638604.0
2023-11-03 04:00:00,40.59,41.215,39.82,40.44,6202548.0
2023-11-06 05:00:00,40.53,40.68,38.68,39.75,5246469.0
2023-11-07 05:00:00,40.08,41.06,39.48,40.15,4686112.0
2023-11-08 05:00:00,40.67,40.93,39.8,40.07,4825852.0
2023-11-09 05:00:00,40.37,42.2,39.512,39.97,6119947.0
2023-11-10 05:00:00,40.01,42.25,40.01,41.83,5793726.0
2023-11-13 05:00:00,41.5,42.43,41.1735,42.29,4239634.0
2023-11-14 05:00:00,43.21,44.0,42.82,43.59,6316121.0
2023-11-15 05:00:00,44.27,44.96,42.83,43.5,8154220.0
2023-11-16 05:00:00,43.0,43.6199,42.34,42.84,4630158.0
2023-11-17 05:00:00,43.78,44.1599,42.97,43.29,5140461.0
2023-11-20 05:00:00,43.11,44.63,43.11,44.55,4553969.0
2023-11-21 05:00:00,44.23,45.15,42.12,42.63,6832096.0
2023-11-22 05:00:00,43.4,44.38,42.33,43.52,6243450.0
2023-11-24 05:00:00,43.72,43.87,42.54,42.68,1531396.0
2023-11-27 05:00:00,42.69,43.26,42.4,42.55,5344260.0
2023-11-28 05:00:00,42.52,42.8652,41.33,42.25,7426471.0
2023-11-29 05:00:00,44.01,44.92,41.01,42.29,13346701.0
2023-11-30 05:00:00,42.69,44.55,42.5,43.66,26318992.0
2023-12-01 05:00:00,43.5,45.94,43.27,45.14,9447010.0
2023-12-04 05:00:00,45.22,45.91,43.66,45.36,8054692.0
2023-12-05 05:00:00,44.96,45.3079,44.31,45.15,4325036.0
2023-12-06 05:00:00,45.49,45.99,44.03,44.16,4325583.0
2023-12-07 05:00:00,44.3,45.42,44.14,45.14,4565559.0
2023-12-08 05:00:00,44.84,47.2497,44.83,47.14,6951517.0
2023-12-11 05:00:00,47.33,48.88,47.3272,47.63,7433949.0
2023-12-12 05:00:00,47.5,49.86,47.39,49.43,7006567.0
2023-12-13 05:00:00,49.63,50.23,47.76,47.94,7966753.0
2023-12-14 05:00:00,48.35,48.99,45.75,47.24,10176289.0
2023-12-15 05:00:00,47.36,48.4,46.87,47.73,5707647.0
2023-12-18 05:00:00,47.73,48.6,47.4516,47.8,3012660.0
2023-12-19 05:00:00,47.91,49.345,47.88,49.22,3795252.0
2023-12-20 05:00:00,48.86,49.15,47.2,47.25,3611074.0
2023-12-21 05:00:00,48.12,48.64,47.84,48.58,2593906.0
2023-12-22 05:00:00,48.57,49.16,48.2,48.78,2421832.0
2023-12-26 05:00:00,48.93,49.21,48.55,48.99,2078720.0
2023-12-27 05:00:00,48.9,49.31,48.39,48.93,2615713.0
2023-12-28 05:00:00,48.97,49.3299,48.34,48.96,2134133.0
2023-12-29 05:00:00,48.84,49.02,47.84,48.03,3012645.0
2024-01-02 05:00:00,47.48,47.5,45.1917,45.64,5770247.0
2024-01-03 05:00:00,45.0,45.925,44.31,45.57,5904951.0
2024-01-04 05:00:00,45.59,47.31,45.59,45.8,5274821.0
2024-01-05 05:00:00,45.6,46.67,45.09,46.31,4390941.0
2024-01-08 05:00:00,46.75,48.62,46.62,48.54,4179201.0
2024-01-09 05:00:00,48.42,49.47,47.45,49.18,3871542.0
2024-01-10 05:00:00,49.19,49.68,48.45,48.79,2870703.0
2024-01-11 05:00:00,49.0,50.17,48.22,50.02,3612695.0
2024-01-12 05:00:00,49.88,50.25,48.42,49.52,3465746.0
2024-01-16 05:00:00,49.37,50.72,49.25,49.96,3061666.0
2024-01-17 05:00:00,49.43,49.89,48.86,49.26,3208650.0
2024-01-18 05:00:00,50.36,51.04,49.67,50.89,4190214.0
2024-01-19 05:00:00,52.5,53.67,51.67,53.67,7499838.0
2024-01-22 05:00:00,54.5,55.93,53.1,53.45,7113773.0
2024-01-23 05:00:00,53.69,54.2,52.825,53.67,3453558.0
2024-01-24 05:00:00,54.38,55.05,52.8,52.82,8007709.0
2024-01-25 05:00:00,53.5,53.79,52.61,53.31,7383924.0
2024-01-26 05:00:00,53.05,54.765,52.4,53.46,5004403.0
2024-01-29 05:00:00,53.4,54.9299,53.3,54.9,5323474.0
2024-01-30 05:00:00,56.24,57.59,55.67,56.66,9344758.0
2024-01-31 05:00:00,55.46,57.6,55.228,56.33,7562280.0
2024-02-01 05:00:00,57.47,59.6199,57.24,59.46,10368912.0
2024-02-02 05:00:00,60.07,62.26,60.07,61.47,9915173.0
2024-02-05 05:00:00,61.45,62.17,60.37,61.58,6978702.0
2024-02-06 05:00:00,61.9,62.26,57.83,59.12,10175798.0
2024-02-07 05:00:00,59.98,61.31,59.275,60.74,6299369.0
2024-02-08 05:00:00,60.93,63.43,60.885,61.67,7401089.0
2024-02-09 05:00:00,61.99,63.81,61.85,63.52,6139490.0
2024-02-12 05:00:00,63.95,64.18,61.05,61.32,7719147.0
2024-02-13 05:00:00,58.91,63.12,57.1272,62.53,10345107.0
2024-02-14 05:00:00,63.5,65.2,63.06,64.97,7577972.0
2024-02-15 05:00:00,65.02,65.56,61.98,62.84,9598714.0
2024-02-16 05:00:00,63.18,65.0,62.35,62.97,8065854.0
2024-02-20 05:00:00,61.96,62.55,60.08,62.02,9540309.0
2024-02-21 05:00:00,55.03,61.59,55.0,58.55,21337968.0
2024-02-22 05:00:00,62.86,64.5,61.69,62.9,11656236.0
2024-02-23 05:00:00,63.42,64.51,61.25,62.7,5905907.0
2024-02-26 05:00:00,63.33,66.9,63.22,66.31,7090881.0
2024-02-27 05:00:00,67.0,68.8,66.25,66.27,8558861.0
2024-02-28 05:00:00,65.55,67.56,65.5348,66.1,5414442.0
2024-02-29 05:00:00,66.8,68.22,66.45,67.62,6756202.0
2024-03-01 05:00:00,68.4,71.14,68.37,70.57,7711135.0
2024-03-04 05:00:00,72.8,73.5,71.69,71.69,9063767.0
2024-03-05 05:00:00,70.6,71.921,68.728,70.02,6304012.0
2024-03-06 05:00:00,72.16,73.58,70.7433,71.99,5829691.0
2024-03-07 05:00:00,72.0,72.57,70.75,72.09,5393710.0
2024-03-08 05:00:00,72.4,74.41,69.0,69.37,7610747.0
2024-03-11 04:00:00,68.25,68.32,65.89,67.0,11753350.0
2024-03-12 04:00:00,68.72,72.59,68.35,72.32,7662732.0
2024-03-13 04:00:00,71.78,74.64,71.541,73.37,8822851.0
2024-03-14 04:00:00,73.9,76.28,73.24,73.92,9816097.0
2024-03-15 04:00:00,73.81,75.455,72.67,74.16,8130461.0
2024-03-18 04:00:00,77.11,79.66,75.57,77.14,12557971.0
2024-03-19 04:00:00,75.0,77.28,72.91,77.06,12532821.0
2024-03-20 04:00:00,77.7,78.62,75.43,77.84,6214936.0
2024-03-21 04:00:00,82.02,84.75,81.13,82.11,11019849.0
2024-03-22 04:00:00,83.2,84.02,81.54,82.5,6338799.0
2024-03-25 04:00:00,82.4,83.23,80.92,81.95,7094744.0
2024-03-26 04:00:00,82.5,86.6252,82.16,82.67,8377149.0
2024-03-27 04:00:00,82.67,83.28,78.52,81.01,7800543.0
2024-03-28 04:00:00,81.1,82.96,80.6,81.67,5077426.0
2024-04-01 04:00:00,82.08,82.84,79.5682,80.4,6376370.0
2024-04-02 04:00:00,78.72,81.28,77.16,80.77,6930164.0
2024-04-03 04:00:00,80.0,85.83,79.8,85.35,8017977.0
2024-04-04 04:00:00,87.62,88.695,80.58,80.69,11498403.0
2024-04-05 04:00:00,82.6,85.41,81.8,85.34,7984556.0
2024-04-08 04:00:00,85.42,86.0,82.245,84.15,6524976.0
2024-04-09 04:00:00,84.25,84.37,78.93,81.8,10241902.0
2024-04-10 04:00:00,80.13,85.385,79.3128,84.77,8810819.0
2024-04-11 04:00:00,85.74,88.25,84.94,86.34,8896259.0
2024-04-12 04:00:00,84.63,86.7399,83.51,83.89,5903624.0
2024-04-15 04:00:00,85.5,86.45,80.34,80.67,7638023.0
2024-04-16 04:00:00,80.45,83.36,79.59,82.36,6775611.0
2024-04-17 04:00:00,83.16,85.1299,80.1,81.88,6168651.0
2024-04-18 04:00:00,82.59,84.79,80.03,81.01,6618360.0
2024-04-19 04:00:00,79.91,80.15,74.57,75.01,15942255.0
2024-04-22 04:00:00,75.8,77.2491,72.58,76.07,10949605.0
2024-04-23 04:00:00,76.87,79.79,76.42,79.17,7385659.0
2024-04-24 04:00:00,89.79,94.39,81.84,84.57,28787710.0
2024-04-25 04:00:00,83.0,92.489,81.9,90.35,20852369.0
2024-04-26 04:00:00,92.87,95.32,92.56,93.49,15253921.0
2024-04-29 04:00:00,93.18,94.86,91.19,94.8,14543688.0
2024-04-30 04:00:00,93.75,95.7008,91.33,93.0,11015254.0
2024-05-01 04:00:00,92.13,93.0,86.7906,88.52,10960567.0
2024-05-02 04:00:00,90.47,92.44,87.36,92.17,6046460.0
2024-05-03 04:00:00,94.18,94.88,92.56,93.01,4749009.0
2024-05-06 04:00:00,94.39,97.28,94.39,97.26,5701256.0
2024-05-07 04:00:00,95.9,97.49,94.85,94.91,5752139.0
2024-05-08 04:00:00,94.72,98.08,94.1,97.68,6006444.0
2024-05-09 04:00:00,97.6,99.44,95.55,97.94,6894418.0
2024-05-10 04:00:00,99.6,100.298,95.02,95.4,8692825.0
2024-05-13 04:00:00,95.42,96.63,93.74,94.8,4466604.0
2024-05-14 04:00:00,94.37,98.95,93.1,98.73,4871983.0
2024-05-15 04:00:00,101.02,104.76,101.01,104.6,8483772.0
2024-05-16 04:00:00,102.47,103.75,97.21,97.29,8234320.0
2024-05-17 04:00:00,98.68,98.94,95.0501,96.81,8078398.0
2024-05-20 04:00:00,97.62,101.3,97.62,99.32,6056028.0
2024-05-21 04:00:00,97.04,100.18,96.5,99.13,4538442.0
2024-05-22 04:00:00,100.0,101.95,99.1,100.13,5919712.0
2024-05-23 04:00:00,105.0,105.64,101.09,101.24,10831070.0
2024-05-24 04:00:00,101.6,109.2708,101.2204,106.17,10019554.0
2024-05-28 04:00:00,108.11,109.0,103.3,105.16,9810405.0
2024-05-29 04:00:00,104.6,105.43,103.11,103.21,7080660.0
2024-05-30 04:00:00,102.85,104.47,101.64,102.28,4814548.0
2024-05-31 04:00:00,100.4,100.7041,92.4,98.07,17944395.0
2024-06-03 04:00:00,98.2,98.39,92.65,96.11,9698080.0
2024-06-04 04:00:00,93.95,94.41,89.13,92.09,13986404.0
2024-06-05 04:00:00,93.57,98.36,93.34,97.08,9545783.0
2024-06-06 04:00:00,96.1,97.29,87.16,88.0,20215575.0
2024-06-07 04:00:00,87.87,90.8,85.14,87.68,13592787.0
2024-06-10 04:00:00,87.51,92.5,87.5,91.3,7952646.0
2024-06-11 04:00:00,90.75,91.1,88.6,89.3,6583924.0
2024-06-12 04:00:00,92.11,95.2399,89.38,90.17,9862622.0
2024-06-13 04:00:00,91.43,95.92,90.52,95.31,9510661.0
2024-06-14 04:00:00,94.76,95.45,90.32,91.48,8047177.0
2024-06-17 04:00:00,91.89,92.1,86.88,89.55,9299171.0
2024-06-18 04:00:00,89.09,96.36,87.75,95.34,11453474.0
2024-06-20 04:00:00,95.13,97.5037,89.658,90.49,10777024.0
2024-06-21 04:00:00,89.4,90.89,86.01,90.62,12112569.0
2024-06-24 04:00:00,89.5,90.15,87.04,89.14,8391953.0
2024-06-25 04:00:00,89.53,91.81,88.51,91.72,6723292.0
2024-06-26 04:00:00,90.2,90.99,85.675,87.01,8985197.0
2024-06-27 04:00:00,87.0,88.12,86.27,86.88,6727015.0
2024-06-28 04:00:00,87.0,89.33,84.78,86.57,23351582.0
2024-07-01 04:00:00,87.41,87.62,82.81,86.66,8693946.0
2024-07-02 04:00:00,86.11,89.07,85.665,88.0,7714418.0
2024-07-03 04:00:00,88.06,93.42,87.93,93.42,7859609.0
2024-07-05 04:00:00,93.0,94.5999,91.11,91.78,5806595.0
2024-07-08 04:00:00,92.75,94.45,91.8,92.33,4309213.0
2024-07-09 04:00:00,92.96,95.48,92.66,92.76,6114672.0
2024-07-10 04:00:00,93.45,94.3783,90.85,94.1,4254868.0
2024-07-11 04:00:00,94.99,95.36,90.76,92.86,6257753.0
2024-07-12 04:00:00,92.0,93.43,88.6778,89.67,10282432.0
2024-07-15 04:00:00,89.9,90.93,87.4,87.89,7589560.0
2024-07-16 04:00:00,89.79,91.0737,87.55,89.72,6182042.0
2024-07-17 04:00:00,86.59,88.2,81.78,81.78,13005837.0
2024-07-18 04:00:00,83.63,86.78,79.78,82.56,13846419.0
2024-07-19 04:00:00,82.94,86.47,82.35,85.31,7387300.0
2024-07-22 04:00:00,87.74,89.31,86.12,87.85,7696994.0
2024-07-23 04:00:00,87.72,92.35,87.5,91.0,10060923.0
2024-07-24 04:00:00,88.38,88.86,78.29,78.59,22907980.0
2024-07-25 04:00:00,79.24,79.7189,72.0,76.48,17502790.0
2024-07-26 04:00:00,79.75,80.5,76.82,77.12,7834561.0
2024-07-29 04:00:00,77.5,80.0,76.31,78.0,8083750.0
2024-07-30 04:00:00,78.39,79.8,71.89,73.03,12157632.0
2024-07-31 04:00:00,80.595,81.05,77.99,78.7,16390347.0
2024-08-01 04:00:00,79.75,80.9,73.635,74.0,10460818.0
2024-08-02 04:00:00,68.14,70.75,65.831,69.46,16616289.0
2024-08-05 04:00:00,62.4,68.92,62.4,67.73,15898280.0
2024-08-06 04:00:00,69.1,71.24,66.38,69.27,11978595.0
2024-08-07 04:00:00,71.0,72.0,66.2001,67.22,11165104.0
2024-08-08 04:00:00,69.59,71.71,66.75,71.06,9929356.0
2024-08-09 04:00:00,70.95,72.09,69.86,71.46,6669341.0
2024-08-12 04:00:00,71.6,73.52,70.77,72.94,6761541.0
2024-08-13 04:00:00,73.53,76.76,73.07,76.24,8036182.0
2024-08-14 04:00:00,77.54,80.8,76.905,80.16,11372154.0
2024-08-15 04:00:00,81.5,83.05,80.3,82.96,7604937.0
2024-08-16 04:00:00,82.0,82.0,79.01,79.42,6846381.0
2024-08-19 04:00:00,79.0,79.07,75.84,78.88,6791728.0
2024-08-20 04:00:00,78.77,79.39,76.01,76.51,5977849.0
2024-08-21 04:00:00,76.32,78.6,75.4116,77.99,5735338.0
2024-08-22 04:00:00,78.16,78.87,75.84,76.78,4304825.0
2024-08-23 04:00:00,77.33,78.84,76.32,78.55,4990721.0
2024-08-26 04:00:00,78.34,79.12,76.9,78.06,4828745.0
2024-08-27 04:00:00,77.0,81.0,76.35,80.21,5431834.0
2024-08-28 04:00:00,80.6,81.925,78.39,80.52,6962222.0
2024-08-29 04:00:00,81.21,83.75,78.9401,79.92,7012260.0
2024-08-30 04:00:00,81.2,83.59,80.47,83.03,7100964.0
2024-09-03 04:00:00,82.25,82.7999,74.81,75.2,9052464.0
2024-09-04 04:00:00,74.08,76.87,73.27,75.06,5232275.0
2024-09-05 04:00:00,74.52,75.6918,73.37,75.15,3809883.0
2024-09-06 04:00:00,75.4,76.05,71.124,71.77,8197940.0
2024-09-09 04:00:00,73.0,74.94,72.45,74.48,5446554.0
2024-09-10 04:00:00,75.28,76.69,73.67,75.47,4235494.0
2024-09-11 04:00:00,75.95,82.62,75.495,82.39,10119182.0
2024-09-12 04:00:00,81.65,87.61,81.51,86.76,11806328.0
2024-09-13 04:00:00,88.52,89.22,85.41,85.76,7264461.0
2024-09-16 04:00:00,84.44,87.62,83.75,86.99,6043808.0
2024-09-17 04:00:00,88.0,88.7163,86.1,87.29,4287335.0
2024-09-18 04:00:00,88.3,90.5,87.08,87.66,8541967.0
2024-09-19 04:00:00,91.92,93.66,90.03,92.06,9608768.0
2024-09-20 04:00:00,92.8,95.12,92.3,94.54,13255773.0
2024-09-23 04:00:00,95.33,96.7,95.02,96.07,6964929.0
2024-09-24 04:00:00,96.13,97.568,95.26,97.39,5068266.0
2024-09-25 04:00:00,98.2,101.5,98.085,100.74,8452450.0
2024-09-26 04:00:00,102.44,103.69,97.42,100.62,9150722.0
2024-09-27 04:00:00,100.13,100.34,96.02,98.41,7032687.0
2024-09-30 04:00:00,97.4,99.7,95.95,99.49,4852685.0
2024-10-01 04:00:00,99.62,99.845,96.16,97.62,4428604.0
2024-10-02 04:00:00,97.21,102.49,96.3,102.28,6185454.0
2024-10-03 04:00:00,102.62,105.25,101.65,102.69,6036269.0
2024-10-04 04:00:00,104.22,105.3863,102.94,105.2,5745233.0
2024-10-07 04:00:00,105.2,107.6699,104.3967,106.73,6403636.0
2024-10-08 04:00:00,105.84,108.08,105.13,106.82,4942633.0
2024-10-09 04:00:00,107.31,109.38,107.06,108.12,5512623.0
2024-10-10 04:00:00,106.5,109.09,104.62,107.47,4653875.0
2024-10-11 04:00:00,107.54,112.065,107.31,111.84,6544990.0
2024-10-14 04:00:00,112.34,113.43,111.53,112.41,5474271.0
2024-10-15 04:00:00,111.8,111.96,106.29,107.47,9795873.0
2024-10-16 04:00:00,109.52,112.78,109.24,111.69,6210059.0
2024-10-17 04:00:00,113.87,116.19,113.04,114.28,7672762.0
2024-10-18 04:00:00,114.1,114.28,112.12,112.25,4167846.0
2024-10-21 04:00:00,111.48,113.175,110.455,112.11,5974821.0
2024-10-22 04:00:00,110.5,114.11,110.25,112.47,9649747.0
2024-10-23 04:00:00,107.0,116.41,104.52,108.36,18855313.0
2024-10-24 04:00:00,109.51,111.94,108.09,110.03,8149769.0
2024-10-25 04:00:00,110.885,114.87,110.5701,112.17,6257375.0
2024-10-28 04:00:00,113.09,115.19,112.67,113.61,4765831.0
2024-10-29 04:00:00,113.0,114.15,112.4,113.83,4019823.0
2024-10-30 04:00:00,113.31,114.1299,110.6109,112.45,3529513.0
2024-10-31 04:00:00,109.67,110.47,107.18,109.29,5806457.0
2024-11-01 04:00:00,109.91,110.0,106.65,106.9,5008273.0
2024-11-04 05:00:00,106.36,107.4077,104.58,106.21,4637677.0
2024-11-05 05:00:00,107.49,112.57,107.05,112.44,4133595.0
2024-11-06 05:00:00,116.99,120.44,115.08,120.43,7598474.0
2024-11-07 05:00:00,122.89,124.855,120.94,122.17,7696650.0
2024-11-08 05:00:00,121.61,125.805,120.6,125.75,4621544.0
2024-11-11 05:00:00,130.15,130.3,123.845,126.8,6556505.0
2024-11-12 05:00:00,125.11,126.67,121.25,123.81,6059740.0
2024-11-13 05:00:00,125.99,128.71,124.29,124.53,4591012.0
2024-11-14 05:00:00,124.8,124.87,119.61,121.03,5020197.0
2024-11-15 05:00:00,119.02,123.25,118.64,120.87,6059995.0
2024-11-18 05:00:00,124.64,127.34,119.72,123.02,7586673.0
2024-11-19 05:00:00,123.63,141.12,123.63,140.94,14844741.0
2024-11-20 05:00:00,140.6,141.76,134.41,137.54,10605562.0
2024-11-21 05:00:00,138.98,145.67,137.28,141.49,10137178.0
2024-11-22 05:00:00,142.26,142.9,139.14,140.15,4943966.0
2024-11-25 05:00:00,141.03,141.7,130.65,132.03,10649695.0
2024-11-26 05:00:00,133.56,135.46,130.24,131.74,7675327.0
2024-11-27 05:00:00,130.045,130.67,124.52,126.94,7384648.0
2024-11-29 05:00:00,129.94,130.98,127.3,127.6,3018324.0
2024-12-02 05:00:00,129.0,131.99,124.05,127.05,5331882.0
2024-12-03 05:00:00,127.84,131.68,126.33,128.16,7607805.0
2024-12-04 05:00:00,130.21,132.9,129.22,130.88,5222802.0
2024-12-05 05:00:00,133.0,137.06,130.55,134.58,11214589.0
2024-12-06 05:00:00,135.0,135.5216,130.7,133.85,4552272.0
2024-12-09 05:00:00,133.55,133.55,121.84,126.17,8959180.0
2024-12-10 05:00:00,126.5,127.83,120.63,121.7,6669250.0
2024-12-11 05:00:00,124.1,127.0,122.33,125.84,4269536.0
2024-12-12 05:00:00,123.97,126.17,123.3,125.04,3265022.0
2024-12-13 05:00:00,127.0,129.0,121.8,125.78,11623199.0
2024-12-16 05:00:00,126.22,127.21,123.5892,125.97,4849074.0
2024-12-17 05:00:00,123.5,124.38,119.2,120.69,5869238.0
2024-12-18 05:00:00,121.88,122.5,112.795,114.12,6553988.0
2024-12-19 05:00:00,117.21,117.69,112.9142,115.44,6615498.0
2024-12-20 05:00:00,114.2,121.0,112.58,120.04,8720823.0
2024-12-23 05:00:00,120.5,120.87,115.6,117.74,4161544.0
2024-12-24 05:00:00,118.53,119.5651,117.96,118.74,1725805.0
2024-12-26 05:00:00,118.0,120.1,117.77,118.88,2190463.0
2024-12-27 05:00:00,117.07,118.0,113.48,115.11,3813061.0
2024-12-30 05:00:00,112.33,118.2,112.23,116.16,3663242.0
2024-12-31 05:00:00,116.39,116.5,113.39,113.61,3431615.0
2025-01-02 05:00:00,115.02,120.2072,114.88,118.3,4807966.0
2025-01-03 05:00:00,119.25,126.11,119.09,125.67,7696664.0
2025-01-06 05:00:00,131.3,135.09,131.1,134.08,9688494.0
2025-01-07 05:00:00,135.0,135.33,126.01,130.64,7257965.0
2025-01-08 05:00:00,130.2,130.61,125.2,129.27,4115825.0
2025-01-10 05:00:00,128.08,129.23,122.14,128.93,5205570.0
2025-01-13 05:00:00,123.245,124.69,118.7,124.01,6856562.0
2025-01-14 05:00:00,126.13,130.88,125.71,128.95,6231641.0
2025-01-15 05:00:00,132.46,133.49,128.87,132.0,4268133.0
2025-01-16 05:00:00,133.86,136.22,131.6169,132.59,4427661.0
2025-01-17 05:00:00,134.495,137.3,132.6,135.88,4915064.0
2025-01-21 05:00:00,141.14,143.48,135.55,143.13,7427403.0
2025-01-22 05:00:00,150.08,154.79,147.6799,148.59,9963945.0
2025-01-23 05:00:00,147.46,155.26,146.5501,153.49,7579323.0
2025-01-24 05:00:00,154.26,155.84,145.41,146.32,8530347.0
2025-01-27 05:00:00,117.05,121.48,99.11,102.6,47118780.0
2025-01-28 05:00:00,104.18,107.0,97.5,106.55,24199151.0
2025-01-29 05:00:00,108.94,112.665,106.04,110.46,17317274.0
2025-01-30 05:00:00,115.95,119.74,111.44,114.6,13358592.0
2025-01-31 05:00:00,118.05,121.1872,113.7,117.02,11211095.0
2025-02-03 05:00:00,105.75,114.3524,105.0,112.6,10950384.0
2025-02-04 05:00:00,113.0,113.74,109.55,111.25,7636304.0
2025-02-05 05:00:00,114.27,119.3994,113.54,119.04,8098446.0
2025-02-06 05:00:00,119.66,121.34,117.5501,119.56,5610582.0
2025-02-07 05:00:00,121.0,124.03,119.47,121.38,6041123.0
2025-02-10 05:00:00,120.78,126.525,120.78,125.76,7773303.0
2025-02-11 05:00:00,123.585,124.8599,120.21,123.25,9012326.0
2025-02-12 05:00:00,111.08,115.9999,110.745,111.24,21298090.0
2025-02-13 05:00:00,113.0,114.5,105.82,109.28,14407476.0
2025-02-14 05:00:00,109.3,109.3,105.86,108.05,7157299.0
2025-02-18 05:00:00,111.01,113.37,108.98,109.96,6717728.0
2025-02-19 05:00:00,109.86,110.38,106.67,107.84,5945020.0
2025-02-20 05:00:00,109.0,110.605,102.67,104.83,9035846.0
2025-02-21 05:00:00,105.0,105.0,94.57,95.99,15635337.0
2025-02-24 05:00:00,97.0,97.0,88.74,91.02,17153497.0
2025-02-25 05:00:00,89.0,94.25,84.69,91.9,20420634.0
2025-02-26 05:00:00,100.66,101.8,97.03,98.61,15881370.0
2025-02-27 05:00:00,103.7,104.2074,91.94,92.41,12550981.0
2025-02-28 05:00:00,91.51,96.08,91.0,95.17,9527634.0
2025-03-03 05:00:00,93.66,94.9,84.1,85.41,15779664.0
2025-03-04 05:00:00,82.11,88.96,79.0,86.39,17251771.0
2025-03-05 05:00:00,86.21,89.26,83.79,87.89,8103223.0
2025-03-06 05:00:00,82.65,85.48,80.6,82.04,10284405.0
2025-03-07 05:00:00,82.04,85.5,79.79,85.04,9677265.0
2025-03-10 04:00:00,81.255,82.47,76.1,78.02,14742929.0
2025-03-11 04:00:00,78.95,85.35,78.1201,83.12,10287554.0
2025-03-12 04:00:00,88.9,89.52,82.85,85.38,9870873.0
2025-03-13 04:00:00,84.25,85.13,79.9122,83.09,8025392.0
2025-03-14 04:00:00,86.82,87.86,83.6,87.45,7348466.0
2025-03-17 04:00:00,86.82,90.72,86.58,89.08,7248013.0
2025-03-18 04:00:00,87.86,88.1648,84.06,84.66,6148832.0
2025-03-19 04:00:00,85.79,91.19,84.66,89.17,7165446.0
2025-03-20 04:00:00,86.88,90.8064,86.518,89.08,5474148.0
2025-03-21 04:00:00,87.06,89.1099,85.75,88.63,5240887.0
2025-03-24 04:00:00,92.0,94.2,90.56,93.69,6225159.0
2025-03-25 04:00:00,92.95,94.02,89.51,91.58,6850784.0
2025-03-26 04:00:00,85.7,86.58,80.1,81.62,19005729.0
2025-03-27 04:00:00,78.57,79.46,75.93,76.32,17174970.0
2025-03-28 04:00:00,75.65,76.5,72.49,74.25,13147200.0
2025-03-31 04:00:00,70.0,72.4897,68.25,72.2,13779465.0
2025-04-01 04:00:00,71.91,75.67,70.37,75.27,10133154.0
2025-04-02 04:00:00,72.5,77.68,72.43,77.11,8247915.0
2025-04-03 04:00:00,69.6,71.52,66.62,67.47,14045321.0
2025-04-04 04:00:00,60.04,61.79,55.32,59.41,27351302.0
2025-04-07 04:00:00,53.61,67.85,53.6,63.82,20279972.0
2025-04-08 04:00:00,70.2,70.35,60.67,62.9,17171912.0
2025-04-09 04:00:00,61.855,76.49,61.28,72.82,18896589.0
2025-04-10 04:00:00,69.19,70.78,65.92,67.73,11790998.0
2025-04-11 04:00:00,67.3,69.7099,65.6819,69.61,8185476.0
2025-04-14 04:00:00,73.22,73.42,70.13,71.57,7879463.0
2025-04-15 04:00:00,71.37,73.47,71.37,72.71,6190252.0
2025-04-16 04:00:00,69.18,72.2099,68.3257,71.65,14542978.0
2025-04-17 04:00:00,72.5,73.74,70.85,73.21,9296487.0
2025-04-21 04:00:00,70.845,71.5,65.93,67.57,8511148.0
2025-04-22 04:00:00,69.21,72.6,69.0,71.82,10427982.0
2025-04-23 04:00:00,85.475,86.93,77.24,78.0,24253723.0
2025-04-24 04:00:00,80.25,84.84,80.0,83.88,13734247.0
2025-04-25 04:00:00,84.97,89.27,84.55,86.95,14314958.0
2025-04-28 04:00:00,86.95,88.0,84.3339,86.15,8872003.0
2025-04-29 04:00:00,87.0,87.4999,84.67,86.19,6317526.0
2025-04-30 04:00:00,81.78,85.41,80.51,85.38,8979696.0
2025-05-01 04:00:00,91.64,94.9299,91.165,92.55,16440665.0
2025-05-02 04:00:00,94.11,96.99,93.0,95.0,9145565.0
2025-05-05 04:00:00,93.11,95.79,92.95,94.83,6240221.0
2025-05-06 04:00:00,91.94,93.95,91.81,93.48,6740361.0
2025-05-07 04:00:00,92.9,95.65,91.84,95.52,10038595.0
2025-05-08 04:00:00,96.95,97.28,94.87,95.74,7275919.0
2025-05-09 04:00:00,96.06,96.94,92.13,94.06,6369796.0
2025-05-12 04:00:00,101.1,101.75,99.44,101.05,8952162.0
2025-05-13 04:00:00,101.07,107.69,100.9,105.58,8987202.0
2025-05-14 04:00:00,108.55,109.95,106.82,109.48,9603501.0
2025-05-15 04:00:00,105.8,108.18,105.19,105.38,6667546.0
2025-05-16 04:00:00,106.155,106.34,103.96,106.04,5169974.0
2025-05-19 04:00:00,103.0,106.75,102.56,106.4,4593208.0
