ticker,filing_date,fiscal_year,fiscal_period,start_date,end_date,source_filing_url,income_statement.revenues,income_statement.benefits_costs_expenses,income_statement.cost_of_revenue,income_statement.cost_of_revenue_goods,income_statement.cost_of_revenue_services,income_statement.costs_and_expenses,income_statement.gross_profit,income_statement.gain_loss_on_sale_properties_net_tax,income_statement.nonoperating_income_loss,income_statement.operating_expenses,income_statement.selling_general_and_administrative_expenses,income_statement.depreciation_and_amortization,income_statement.research_and_development,income_statement.other_operating_expenses,income_statement.operating_income_loss,income_statement.other_operating_income_expenses,income_statement.income_loss_before_equity_method_investments,income_statement.income_loss_from_continuing_operations_after_tax,income_statement.income_loss_from_continuing_operations_before_tax,income_statement.income_loss_from_discontinued_operations_net_of_tax,income_statement.income_loss_from_discontinued_operations_net_of_tax_adjustment_to_prior_year_gain_loss_on_disposal,income_statement.income_loss_from_discontinued_operations_net_of_tax_during_phase_out,income_statement.income_loss_from_discontinued_operations_net_of_tax_gain_loss_on_disposal,income_statement.income_loss_from_discontinued_operations_net_of_tax_provision_for_gain_loss_on_disposal,income_statement.income_loss_from_equity_method_investments,income_statement.income_tax_expense_benefit,income_statement.income_tax_expense_benefit_current,income_statement.income_tax_expense_benefit_deferred,income_statement.interest_and_debt_expense,income_statement.interest_and_dividend_income_operating,income_statement.interest_expense_operating,income_statement.interest_income_expense_after_provision_for_losses,income_statement.interest_income_expense_operating_net,income_statement.noninterest_expense,income_statement.noninterest_income,income_statement.provision_for_loan_lease_and_other_losses,income_statement.net_income_loss,income_statement.net_income_loss_attributable_to_noncontrolling_interest,income_statement.net_income_loss_attributable_to_nonredeemable_noncontrolling_interest,income_statement.net_income_loss_attributable_to_parent,income_statement.net_income_loss_attributable_to_redeemable_noncontrolling_interest,income_statement.net_income_loss_available_to_common_stockholders_basic,income_statement.participating_securities_distributed_and_undistributed_earnings_loss_basic,income_statement.undistributed_earnings_loss_allocated_to_participating_securities_basic,income_statement.preferred_stock_dividends_and_other_adjustments,income_statement.basic_earnings_per_share,income_statement.diluted_earnings_per_share,income_statement.basic_average_shares,income_statement.diluted_average_shares,income_statement.common_stock_dividends,balance_sheet.assets,balance_sheet.current_assets,balance_sheet.cash,balance_sheet.accounts_receivable,balance_sheet.inventory,balance_sheet.prepaid_expenses,balance_sheet.other_current_assets,balance_sheet.noncurrent_assets,balance_sheet.long_term_investments,balance_sheet.fixed_assets,balance_sheet.intangible_assets,balance_sheet.noncurrent_prepaid_expense,balance_sheet.other_noncurrent_assets,balance_sheet.liabilities,balance_sheet.current_liabilities,balance_sheet.accounts_payable,balance_sheet.interest_payable,balance_sheet.wages,balance_sheet.other_current_liabilities,balance_sheet.noncurrent_liabilities,balance_sheet.long_term_debt,balance_sheet.other_noncurrent_liabilities,balance_sheet.commitments_and_contingencies,balance_sheet.redeemable_noncontrolling_interest,balance_sheet.redeemable_noncontrolling_interest_common,balance_sheet.redeemable_noncontrolling_interest_other,balance_sheet.redeemable_noncontrolling_interest_preferred,balance_sheet.equity,balance_sheet.equity_attributable_to_noncontrolling_interest,balance_sheet.equity_attributable_to_parent,balance_sheet.temporary_equity,balance_sheet.temporary_equity_attributable_to_parent,balance_sheet.liabilities_and_equity,cash_flow_statement.net_cash_flow_from_operating_activities,cash_flow_statement.net_cash_flow_from_operating_activities_continuing,cash_flow_statement.net_cash_flow_from_operating_activities_discontinued,cash_flow_statement.net_cash_flow_from_investing_activities,cash_flow_statement.net_cash_flow_from_investing_activities_continuing,cash_flow_statement.net_cash_flow_from_investing_activities_discontinued,cash_flow_statement.net_cash_flow_from_financing_activities,cash_flow_statement.net_cash_flow_from_financing_activities_continuing,cash_flow_statement.net_cash_flow_from_financing_activities_discontinued,cash_flow_statement.exchange_gains_losses,cash_flow_statement.net_cash_flow,cash_flow_statement.net_cash_flow_continuing,cash_flow_statement.net_cash_flow_discontinued,comprehensive_income.comprehensive_income_loss,comprehensive_income.comprehensive_income_loss_attributable_to_noncontrolling_interest,comprehensive_income.comprehensive_income_loss_attributable_to_parent,comprehensive_income.other_comprehensive_income_loss,comprehensive_income.other_comprehensive_income_loss_attributable_to_noncontrolling_interest,comprehensive_income.other_comprehensive_income_loss_attributable_to_parent
HLNE,2025-02-04,2025,Q3,2024-10-01,2024-12-31,https://api.polygon.io/v1/reference/sec/filings/0001433642-25-000010,168261000.0,78110000.0,,,,78110000.0,,,14429000.0,92539000.0,,,,,75722000.0,,78540000.0,77455000.0,90151000.0,,,,,,11611000.0,12696000.0,,,,,,,,,,,77455000.0,24483000.0,,52972000.0,,52972000.0,0.0,,0.0,,,,,,1591028000.0,1591028000.0,,,,,,0,,35937000.0,,,,729003000.0,729003000.0,,,,,0,292024000.0,,,,,,,862025000.0,212768000.0,649257000.0,,,1591028000.0,64394000.0,64394000.0,,-42912000.0,-42912000.0,,73004000.0,73004000.0,,,94486000.0,94486000.0,,77455000.0,0.0,77455000.0,0,,
HLNE,2024-11-06,2025,Q2,2024-07-01,2024-09-30,https://api.polygon.io/v1/reference/sec/filings/0001433642-24-000116,149999000.0,72905000.0,,,,72905000.0,,,9902000.0,82807000.0,,,,,67192000.0,,70722000.0,75922000.0,77094000.0,,,,,,6372000.0,1172000.0,,,,,,,,,,,75922000.0,20940000.0,,54982000.0,,54982000.0,0.0,,0.0,,,,,,1424330000.0,1424330000.0,,,,,,0,,32264000.0,,,,622408000.0,-801922000.0,,,,,0,194971000.0,,,,,,,801922000.0,0.0,606580000.0,,,1424330000.0,117402000.0,117402000.0,,-27169000.0,-27169000.0,,-28482000.0,-28482000.0,,,61751000.0,61751000.0,,75922000.0,0.0,75922000.0,0,,
HLNE,2024-08-06,2025,Q1,2024-04-01,2024-06-30,https://api.polygon.io/v1/reference/sec/filings/0001433642-24-000085,196731000.0,89957000.0,,,,89957000.0,,,17163000.0,107120000.0,,,,,89611000.0,,99385000.0,87087000.0,106774000.0,,,,,,7389000.0,19687000.0,,,,,,,,,,,87087000.0,28123000.0,,58964000.0,,58964000.0,0.0,,0.0,,,,,,1371913000.0,1371913000.0,,,,,,0,,32632000.0,,,,635083000.0,-736828000.0,,,,,0,195565000.0,,,,,,,736828000.0,0.0,566363000.0,,,1371913000.0,79743000.0,79743000.0,,2132000.0,2132000.0,,-30418000.0,-30418000.0,,,51457000.0,51457000.0,,87087000.0,0.0,87087000.0,0,,
HLNE,2024-05-23,2024,FY,2023-04-01,2024-03-31,https://api.polygon.io/v1/reference/sec/filings/0001433642-24-000064,553842000.0,272181000.0,,,,272181000.0,,,35843000.0,308024000.0,,,,,245818000.0,,246768000.0,227207000.0,281661000.0,,,,,,34893000.0,54454000.0,37757000.0,16697000.0,,,,,,,,,227207000.0,86349000.0,,140858000.0,,140858000.0,0.0,,0.0,,,,,,1271200000.0,1271200000.0,,,,,,0,,33013000.0,4584000.0,,,595242000.0,595242000.0,,,,,0,196159000.0,,,,,,,675958000.0,150805000.0,525153000.0,,,1271200000.0,120852000.0,120852000.0,,-122184000.0,-122184000.0,,4399000.0,4399000.0,,,3067000.0,3067000.0,,227207000.0,0.0,227207000.0,0,,
HLNE,2024-02-06,2024,Q3,2023-10-01,2023-12-31,https://api.polygon.io/v1/reference/sec/filings/0001433642-24-000010,125264000.0,74932000.0,,,,74932000.0,,,-1062000.0,73870000.0,,,,,51394000.0,,50378000.0,34532000.0,50332000.0,,,,,,-46000.0,15800000.0,,,,,,,,,,,34532000.0,15026000.0,,19506000.0,,19506000.0,0.0,,0.0,,,,,,1208824000.0,1208824000.0,,,,,,0,,33389000.0,,,,584718000.0,584718000.0,,,,,0,196752000.0,,,,,,,624106000.0,156159000.0,467947000.0,,,1208824000.0,-36429000.0,-36429000.0,,-8988000.0,-8988000.0,,-19923000.0,-19923000.0,,,-65340000.0,-65340000.0,,34532000.0,0.0,34532000.0,0,,
HLNE,2023-11-07,2024,Q2,2023-07-01,2023-09-30,https://api.polygon.io/v1/reference/sec/filings/0001433642-23-000099,126876000.0,60517000.0,,,,60517000.0,,,10762000.0,71279000.0,,,,,55597000.0,,58108000.0,64503000.0,66359000.0,,,,,,8251000.0,1856000.0,,,,,,,,,,,64503000.0,22509000.0,,41994000.0,,41994000.0,0.0,,0.0,,,,,,1358656000.0,1358656000.0,,,,,,0,,31814000.0,,,,577088000.0,-781568000.0,,,,,0,197346000.0,,,,,,,781568000.0,0.0,462520000.0,,,1358656000.0,77596000.0,77596000.0,,-45287000.0,-45287000.0,,72497000.0,72497000.0,,,104806000.0,104806000.0,,64503000.0,0.0,64503000.0,0,,
HLNE,2023-08-01,2024,Q1,2023-04-01,2023-06-30,https://api.polygon.io/v1/reference/sec/filings/0001433642-23-000074,125037000.0,57293000.0,,,,57293000.0,,,12805000.0,70098000.0,,,,,54939000.0,,55878000.0,51344000.0,67744000.0,,,,,,11866000.0,16400000.0,,,,,,,,,,,51344000.0,20346000.0,,30998000.0,,30998000.0,0.0,,0.0,,,,,,1200094000.0,1200094000.0,,,,,,0,,30360000.0,,,,558394000.0,-641700000.0,,,,,0,197939000.0,,,,,,,641700000.0,0.0,434768000.0,,,1200094000.0,57973000.0,57973000.0,,-39722000.0,-39722000.0,,-4834000.0,-4834000.0,,,13417000.0,13417000.0,,51344000.0,0.0,51344000.0,0,,
HLNE,2023-05-25,2023,FY,2022-04-01,2023-03-31,https://api.polygon.io/v1/reference/sec/filings/0001433642-23-000051,528753000.0,286143000.0,,,,286143000.0,,,2570000.0,288713000.0,,,,,240040000.0,,237522000.0,187185000.0,242610000.0,,,,,,5088000.0,55425000.0,34972000.0,20453000.0,,,,,,,,,187185000.0,78065000.0,,109120000.0,,109120000.0,0.0,,0.0,,,,,,1140543000.0,1140543000.0,,,,,,0,,28425000.0,6285000.0,,,566351000.0,566351000.0,,,,,0,213533000.0,,,0.0,,,,574192000.0,158748000.0,415444000.0,0.0,,1140543000.0,226589000.0,226589000.0,,177912000.0,177912000.0,,-364146000.0,-364146000.0,,0.0,40355000.0,40355000.0,,187185000.0,78065000.0,109120000.0,0,,
HLNE,2023-02-07,2023,Q3,2022-10-01,2022-12-31,https://api.polygon.io/v1/reference/sec/filings/0001433642-23-000006,127074000.0,93402000.0,,,,93402000.0,,,-24700000.0,68702000.0,,,,,58372000.0,,33022000.0,21884000.0,33672000.0,,,,,,650000.0,11788000.0,,,,,,,,,,,21884000.0,12215000.0,,9669000.0,,9669000.0,0.0,,0.0,,,,,,1124361000.0,1124361000.0,,,,,,0,,28348000.0,,,,594403000.0,594403000.0,,,,,0,199126000.0,,,0.0,,,,529958000.0,135297000.0,394661000.0,0.0,,1124361000.0,57517000.0,57517000.0,,262233000.0,262233000.0,,-292009000.0,-292009000.0,,,27741000.0,27741000.0,,21884000.0,0.0,21884000.0,0,,
HLNE,2022-11-01,2023,Q2,2022-07-01,2022-09-30,https://api.polygon.io/v1/reference/sec/filings/0001433642-22-000061,153382000.0,80154000.0,,,,80154000.0,,,3402000.0,83556000.0,,,,,69826000.0,,80746000.0,57739000.0,73228000.0,,,,,,-7518000.0,15489000.0,,,,,,,,,,,57739000.0,22858000.0,,34881000.0,,34881000.0,0.0,,0.0,,,,,,1387742000.0,1387742000.0,,,,,,0,,28920000.0,,,,586764000.0,-524978000.0,,,,,0,194115000.0,,,276000000.0,,,,524978000.0,0.0,390774000.0,276000000.0,,1387742000.0,94902000.0,94902000.0,,-4215000.0,-4215000.0,,-52525000.0,-52525000.0,,,38162000.0,38162000.0,,57739000.0,0.0,57739000.0,0,,
HLNE,2022-08-02,2023,Q1,2022-04-01,2022-06-30,https://api.polygon.io/v1/reference/sec/filings/0001433642-22-000036,135509000.0,67895000.0,,,,67895000.0,,,5089000.0,72984000.0,,,,,62525000.0,,68239000.0,56126000.0,67614000.0,,,,,,-625000.0,11488000.0,,,,,,,,,,,56126000.0,22642000.0,,33484000.0,,33484000.0,0.0,,0.0,,,,,,1352304000.0,1352304000.0,,,,,,0,,29410000.0,,,,585330000.0,-490974000.0,,,,,0,220885000.0,,,276000000.0,,,,490974000.0,0.0,368507000.0,276000000.0,,1352304000.0,60952000.0,60952000.0,,-56453000.0,-56453000.0,,6496000.0,6496000.0,,,10995000.0,10995000.0,,56126000.0,0.0,56126000.0,0,,
HLNE,2022-05-26,2022,FY,2021-04-01,2022-03-31,https://api.polygon.io/v1/reference/sec/filings/0001433642-22-000027,367919000.0,54243000.0,,,,54243000.0,,,144112000.0,198355000.0,,,,,169564000.0,,234863000.0,247253000.0,313676000.0,,,,,,78813000.0,66423000.0,42479000.0,23944000.0,,,,,,,,,247253000.0,101267000.0,,145986000.0,,146937000.0,-951000.0,,-951000.0,,3.98,,,,1294946000.0,1294946000.0,,,,,,0,,28842000.0,12567000.0,,,557460000.0,557460000.0,,,,,0,171326000.0,,,276000000.0,,,,461486000.0,114608000.0,346878000.0,276000000.0,,1294946000.0,169523000.0,169523000.0,,-70487000.0,-70487000.0,,-113216000.0,-113216000.0,,0.0,-14180000.0,-14180000.0,,247253000.0,101267000.0,145986000.0,0,,
HLNE,2022-02-01,2022,Q3,2021-10-01,2021-12-31,https://api.polygon.io/v1/reference/sec/filings/0001433642-22-000006,91704000.0,-11000.0,,,,-11000.0,,,50669000.0,50658000.0,,,,,41046000.0,,78791000.0,80196000.0,91715000.0,,,,,,12924000.0,11519000.0,,,,,,,,,,,80196000.0,28347000.0,,51849000.0,,51849000.0,0.0,,0.0,,,,,,1279453000.0,1279453000.0,,,,,,0,,29229000.0,,,,540578000.0,540578000.0,,,,,0,146767000.0,,,276000000.0,,,,462875000.0,119118000.0,343757000.0,276000000.0,,1279453000.0,68589000.0,68589000.0,,-36055000.0,-36055000.0,,-39765000.0,-39765000.0,,0.0,-7231000.0,-7231000.0,,80196000.0,28347000.0,51849000.0,0,,
HLNE,2021-11-02,2022,Q2,2021-07-01,2021-09-30,https://api.polygon.io/v1/reference/sec/filings/0001433642-21-000142,96320000.0,-2532000.0,,,,-2532000.0,,,52351000.0,49819000.0,,,,,46501000.0,,71644000.0,84820000.0,98852000.0,,,,,,27208000.0,14032000.0,,,,,,,,,,,84820000.0,32675000.0,,52145000.0,,52145000.0,0.0,,0.0,,,,,,1233973000.0,1233973000.0,,,,,,0,,28702000.0,,,,553721000.0,-404252000.0,,,,,0,147207000.0,,,276000000.0,,,,404252000.0,0.0,302183000.0,276000000.0,,1233973000.0,51534000.0,51534000.0,,-15178000.0,-15178000.0,,-23033000.0,-23033000.0,,0.0,13323000.0,13323000.0,,84820000.0,32675000.0,52145000.0,0,,
HLNE,2021-08-03,2022,Q1,2021-04-01,2021-06-30,https://api.polygon.io/v1/reference/sec/filings/0001433642-21-000103,78995000.0,22350000.0,,,,22350000.0,,,20895000.0,43245000.0,,,,,35750000.0,,36596000.0,44681000.0,56645000.0,,,,,,20049000.0,11964000.0,,,,,,,,,,,44681000.0,16513000.0,,28168000.0,,28168000.0,0.0,,0.0,,,,,,1139302000.0,1139302000.0,,,,,,0,,27091000.0,,,,523878000.0,-339424000.0,,,,,0,147648000.0,,,276000000.0,,,,339424000.0,0.0,253478000.0,276000000.0,,1139302000.0,32389000.0,32389000.0,,-4431000.0,-4431000.0,,-42087000.0,-42087000.0,,0.0,-14129000.0,-14129000.0,,44681000.0,16513000.0,28168000.0,0,,
HLNE,2021-05-27,2021,FY,2020-04-01,2021-03-31,https://api.polygon.io/v1/reference/sec/filings/0001433642-21-000077,341635000.0,148433000.0,,,,148433000.0,,,37474000.0,185907000.0,,,,,155728000.0,,160813000.0,168785000.0,193202000.0,,,,,,32389000.0,24417000.0,17390000.0,7027000.0,,,2044000.0,,,,,,168785000.0,70763000.0,,98022000.0,,93385000.0,4637000.0,,4637000.0,,2.81,,,,1136519000.0,1136519000.0,,,,,,0,,23308000.0,7925000.0,,,546318000.0,546318000.0,,,,,0,163175000.0,,,276000000.0,,,,314201000.0,76072000.0,238129000.0,276000000.0,,1136519000.0,188158000.0,188158000.0,,-421781000.0,-421781000.0,,270660000.0,270660000.0,,130000.0,37167000.0,37037000.0,,168915000.0,70815000.0,98100000.0,130000,,
HLNE,2021-02-02,2021,Q3,2020-10-01,2020-12-31,https://api.polygon.io/v1/reference/sec/filings/0001433642-21-000005,84583000.0,29951000.0,,,,29951000.0,,,18342000.0,41864000.0,,,,,42719000.0,,49138000.0,54632000.0,61061000.0,,,,,,11923000.0,6429000.0,,,,,468000.0,,,,,,54632000.0,21429000.0,,33203000.0,,33203000.0,0.0,,0.0,,,,,,715829000.0,715829000.0,,,,,,0,,14010000.0,,,,415977000.0,415977000.0,,,,,0,73630000.0,,,,,,,299852000.0,83532000.0,216320000.0,,,715829000.0,58157000.0,58157000.0,,-30062000.0,-30062000.0,,-17187000.0,-17187000.0,,0.0,10908000.0,10908000.0,,54632000.0,0.0,33203000.0,0,,
HLNE,2020-11-04,2021,Q2,2020-07-01,2020-09-30,https://api.polygon.io/v1/reference/sec/filings/0001433642-20-000134,84431000.0,39832000.0,,,,39832000.0,,,18454000.0,46117000.0,,,,,38314000.0,,38789000.0,44599000.0,56768000.0,,,,,,17979000.0,12169000.0,,,,,493000.0,,,,,,44599000.0,22786000.0,,21813000.0,,21813000.0,0.0,,0.0,,,,,,608089000.0,608089000.0,,,,,,0,,8223000.0,,,,344894000.0,-263195000.0,,,,,0,74084000.0,,,,,,,263195000.0,0.0,192338000.0,,,608089000.0,42179000.0,42179000.0,,-11277000.0,-11277000.0,,-20251000.0,-20251000.0,,140000.0,10791000.0,10651000.0,,44739000.0,0.0,21897000.0,140000,,
HLNE,2020-08-04,2021,Q1,2020-04-01,2020-06-30,https://api.polygon.io/v1/reference/sec/filings/0001433642-20-000094,69744000.0,64776000.0,,,,64776000.0,,,-21941000.0,40911000.0,,,,,28833000.0,,28095000.0,4968000.0,6892000.0,,,,,,-21203000.0,1924000.0,,,,,487000.0,,,,,,4968000.0,1722000.0,,3246000.0,,3246000.0,0.0,,0.0,,,,,,526507000.0,526507000.0,,,,,,0,,7666000.0,,,,293896000.0,-232611000.0,,,,,0,74538000.0,,,,,,,232611000.0,0.0,166788000.0,,,526507000.0,47455000.0,47455000.0,,-6074000.0,-6074000.0,,-20343000.0,-20343000.0,,-10000.0,21028000.0,21038000.0,,4958000.0,0.0,3240000.0,-10000,,
HLNE,2020-05-28,2020,FY,2019-04-01,2020-03-31,https://api.polygon.io/v1/reference/sec/filings/0001433642-20-000039,274048000.0,133304000.0,,,,133304000.0,,,24315000.0,157619000.0,,,,,116429000.0,,120494000.0,126776000.0,140744000.0,,,,,,20250000.0,13968000.0,6039000.0,7929000.0,,,2816000.0,,,,,,126776000.0,65951000.0,,60825000.0,,60825000.0,0.0,,0.0,,,,,,473529000.0,473529000.0,,,,,,0,,7402000.0,8328000.0,,,236128000.0,236128000.0,,,,,0,75000000.0,,,,,,,237401000.0,82610000.0,154791000.0,,,473529000.0,116373000.0,116373000.0,,-49900000.0,-49900000.0,,-64709000.0,-64709000.0,,-144000.0,1620000.0,1764000.0,,126617000.0,65877000.0,60740000.0,-159000,,
HLNE,2020-02-06,2020,Q3,2019-10-01,2019-12-31,https://api.polygon.io/v1/reference/sec/filings/0001433642-20-000012,68138000.0,39701000.0,,,,39701000.0,,,4096000.0,39246000.0,,,,,28892000.0,,28534000.0,28437000.0,32988000.0,,,,,,4454000.0,4551000.0,,,,,651000.0,,,,,,28437000.0,14940000.0,,13497000.0,,13497000.0,0.0,,0.0,,,,,,469379000.0,469379000.0,,,,,,0,,7280000.0,,,,253029000.0,253029000.0,,,,,0,67245000.0,,,,,,,216350000.0,72777000.0,143573000.0,,,469379000.0,41852000.0,41852000.0,,-18450000.0,-18450000.0,,-13739000.0,-13739000.0,,-52000.0,9611000.0,9663000.0,,28453000.0,0.0,13506000.0,16000,,
HLNE,2019-11-07,2020,Q2,2019-07-01,2019-09-30,https://api.polygon.io/v1/reference/sec/filings/0001628280-19-013708,64292000.0,32019000.0,,,,32019000.0,,,8024000.0,37367000.0,,,,,26925000.0,,31285000.0,32273000.0,34949000.0,,,,,,3664000.0,2676000.0,,,,,745000.0,,,,,,32273000.0,16974000.0,,15299000.0,,15299000.0,0.0,,0.0,,,,,,445382000.0,445382000.0,,,,,,0,,8026000.0,,,,240751000.0,-204631000.0,,,,,0,69107000.0,,,,,,,204631000.0,0.0,136761000.0,,,445382000.0,32801000.0,32801000.0,,-292000.0,-292000.0,,-18810000.0,-18810000.0,,11000.0,13710000.0,13699000.0,,32231000.0,0.0,15278000.0,-42000,,
HLNE,2019-08-08,2020,Q1,2019-04-01,2019-06-30,https://api.polygon.io/v1/reference/sec/filings/0001433642-19-000084,64686000.0,37233000.0,,,,37233000.0,,,4797000.0,37693000.0,,,,,26993000.0,,25577000.0,27453000.0,31790000.0,,,,,,6213000.0,4337000.0,,,,,817000.0,,,,,,27453000.0,16072000.0,,11381000.0,,11381000.0,0.0,,0.0,,,,,,392844000.0,392844000.0,,,,,,0,,8158000.0,,,,215009000.0,-177835000.0,,,,,0,70030000.0,,,,,,,177835000.0,0.0,115330000.0,,,392844000.0,33402000.0,33402000.0,,-10488000.0,-10488000.0,,-13135000.0,-13135000.0,,4000.0,9783000.0,9779000.0,,27466000.0,0.0,11388000.0,13000,,
HLNE,2019-05-30,2019,FY,2018-04-01,2019-03-31,https://api.polygon.io/v1/reference/sec/filings/0001433642-19-000071,252179000.0,122622000.0,,,,122622000.0,,,25333000.0,147955000.0,,,,,104224000.0,,122355000.0,98997000.0,129557000.0,,,,,,7202000.0,30560000.0,8895000.0,21665000.0,,,3039000.0,,,,,,98997000.0,65424000.0,,33573000.0,,33573000.0,0.0,,0.0,,,,,,360591000.0,360591000.0,,,,,,0,,8108000.0,2562000.0,,,190869000.0,190869000.0,,,,,0,,,,,,,,169722000.0,59496000.0,110226000.0,,,360591000.0,111622000.0,111622000.0,,-19213000.0,-19213000.0,,-90210000.0,-90210000.0,,8000.0,2207000.0,2199000.0,,99012000.0,65432000.0,33580000.0,15000,,
HLNE,2019-02-08,2019,Q3,2018-10-01,2018-12-31,https://api.polygon.io/v1/reference/sec/filings/0001433642-19-000008,65996000.0,43081000.0,,,,43081000.0,,,13141000.0,37759000.0,,,,,28237000.0,,36444000.0,22915000.0,41378000.0,,,,,,4934000.0,18463000.0,,,,,767000.0,,,,,,22915000.0,17457000.0,,5458000.0,,5458000.0,0.0,,0.0,,,,,,363852000.0,363852000.0,,,,,,0,,8125000.0,,,,190721000.0,190721000.0,,,,,0,71878000.0,,,,,,,173131000.0,69525000.0,103606000.0,,,363852000.0,33853000.0,33853000.0,,-14227000.0,-14227000.0,,-15855000.0,-15855000.0,,,3784000.0,3771000.0,,22938000.0,0.0,5469000.0,23000,,
HLNE,2018-11-09,2019,Q2,2018-07-01,2018-09-30,https://api.polygon.io/v1/reference/sec/filings/0001433642-18-000119,55833000.0,23261000.0,,,,23261000.0,,,16785000.0,34466000.0,,,,,21367000.0,,32876000.0,32572000.0,38152000.0,,,,,,5276000.0,5580000.0,,,,,728000.0,,,,,,32572000.0,21350000.0,,11222000.0,,11222000.0,0.0,,0.0,,,,,,356241000.0,356241000.0,,,,,,0,,7096000.0,,,,194094000.0,194094000.0,,,,,0,72802000.0,,,,,,,162147000.0,60831000.0,101316000.0,,,356241000.0,35192000.0,35192000.0,,16674000.0,16674000.0,,-29951000.0,-29951000.0,,,21915000.0,21915000.0,,32572000.0,0.0,11222000.0,0,,
HLNE,2018-08-09,2019,Q1,2018-04-01,2018-06-30,https://api.polygon.io/v1/reference/sec/filings/0001433642-18-000048,63362000.0,40259000.0,,,,40259000.0,,,-972000.0,37670000.0,,,,,25692000.0,,24834000.0,23103000.0,24720000.0,,,,,,-114000.0,1617000.0,,,,,765000.0,,,,,,23103000.0,14258000.0,,8845000.0,,8845000.0,0.0,,0.0,,,,,,306735000.0,306735000.0,,,,,,0,,5800000.0,,,,161810000.0,161810000.0,,,,,0,83707000.0,,,,,,,144925000.0,61390000.0,83535000.0,,,306735000.0,37864000.0,37864000.0,,-8094000.0,-8094000.0,,-23711000.0,-23711000.0,,,6059000.0,6059000.0,,23103000.0,0.0,8845000.0,0,,
HLNE,2018-06-14,2018,FY,2017-04-01,2018-03-31,https://api.polygon.io/v1/reference/sec/filings/0001433642-18-000038,244033000.0,104403000.0,,,,104403000.0,,,16677000.0,121080000.0,,,,,122953000.0,,122528000.0,106297000.0,139630000.0,,,,,,17102000.0,33333000.0,10350000.0,22983000.0,,,5989000.0,,,,,,106297000.0,88956000.0,,17341000.0,,17341000.0,0.0,,0.0,,,,,,293795000.0,293795000.0,,,,,,0,,4782000.0,3021000.0,,,157721000.0,157721000.0,,,,,0,,,,,,,,136074000.0,57648000.0,78426000.0,,,293795000.0,96692000.0,96692000.0,,-21773000.0,-21773000.0,,-59671000.0,-59671000.0,,,15248000.0,15248000.0,,107219000.0,89567000.0,17652000.0,922000,,
HLNE,2018-02-09,2018,Q3,2017-10-01,2017-12-31,https://api.polygon.io/v1/reference/sec/filings/0001433642-18-000004,65014000.0,47181000.0,,,,47181000.0,,,6486000.0,30710000.0,,,,,34304000.0,,37895000.0,17833000.0,40790000.0,,,,,,2895000.0,22957000.0,,,,,664000.0,,,,,,17833000.0,24142000.0,,-6309000.0,,-6309000.0,0.0,,0.0,,,,,,273046000.0,273046000.0,,,,,,0,,4061000.0,,,,165028000.0,165028000.0,,,,,0,84617000.0,,,,,,,108018000.0,50175000.0,57843000.0,,,273046000.0,32552000.0,32552000.0,,-4304000.0,-4304000.0,,-8507000.0,-8507000.0,,,19741000.0,19741000.0,,17833000.0,0.0,-6309000.0,0,,
HLNE,2017-11-13,2018,Q2,2017-07-01,2017-09-30,https://api.polygon.io/v1/reference/sec/filings/0001433642-17-000115,48709000.0,30475000.0,,,,30475000.0,,,916000.0,28703000.0,,,,,20006000.0,,16670000.0,18234000.0,20922000.0,,,,,,4252000.0,2688000.0,,,,,3512000.0,,,,,,18234000.0,13546000.0,,4688000.0,,4688000.0,0.0,,0.0,,,,,,271178000.0,271178000.0,,,,,,0,,3999000.0,,,,167843000.0,167843000.0,,,,,0,85072000.0,,,,,,,103335000.0,37689000.0,65646000.0,,,271178000.0,33605000.0,33605000.0,,-7380000.0,-7380000.0,,-23830000.0,-23830000.0,,,2395000.0,2395000.0,,19121000.0,0.0,4987000.0,887000,,
HLNE,2017-08-10,2018,Q1,2017-04-01,2017-06-30,https://api.polygon.io/v1/reference/sec/filings/0001433642-17-000105,52701000.0,27089000.0,,,,27089000.0,,,5023000.0,28420000.0,,,,,24281000.0,,23385000.0,25612000.0,29304000.0,,,,,,5919000.0,3692000.0,,,,,1106000.0,,,,,,25612000.0,20148000.0,,5464000.0,,5464000.0,0.0,,0.0,,,,,,264543000.0,264543000.0,,,,,,0,,4014000.0,,,,166949000.0,166949000.0,,,,,0,83745000.0,,,,,,,97594000.0,34717000.0,62877000.0,,,264543000.0,29186000.0,29186000.0,,-3512000.0,-3512000.0,,-11481000.0,-11481000.0,,,14193000.0,14193000.0,,25647000.0,0.0,5476000.0,35000,,
HLNE,,,TTM,2024-01-01,2024-12-31,,691656000.0,320414000.0,,,,320414000.0,,,54833000.0,375247000.0,,,,,316409000.0,,331047000.0,317289000.0,371243000.0,,,,,,40195000.0,53954000.0,,,,,,,,,,,317289000.0,102011000.0,,215278000.0,,215278000.0,0.0,,0.0,,,,,,1591028000.0,1591028000.0,,,,,,0,,35937000.0,,,,729003000.0,729003000.0,,,,,0,292024000.0,,,,,,,862025000.0,212768000.0,649257000.0,,,1591028000.0,283251000.0,283251000.0,,-96136000.0,-96136000.0,,-29237000.0,-29237000.0,,,157878000.0,157878000.0,,317288000.0,0.0,317288000.0,0,,
HLNE,,2024,Q4,2024-01-01,2024-03-31,,176665000.0,79441000.0,,,,79441000.0,,,13337000.0,92778000.0,,,,,83887000.0,,82402000.0,76825000.0,97224000.0,,,,,,14822000.0,20399000.0,,,,,,,,,,,76825000.0,28465000.0,,48360000.0,,48360000.0,0.0,,0.0,,,,,,1271200000.0,1271200000.0,,,,,,0,,33013000.0,4584000.0,,,595242000.0,595242000.0,,,,,0,196159000.0,,,,,,,675958000.0,150805000.0,525153000.0,,,1271200000.0,21712000.0,21712000.0,,-28187000.0,-28187000.0,,-43341000.0,-43341000.0,,,-49816000.0,-49816000.0,,76825000.0,0.0,76825000.0,0,,
HLNE,,2023,Q4,2023-01-01,2023-03-31,,112788000.0,44694000.0,,,,44694000.0,,,18777000.0,63471000.0,,,,,49317000.0,,55513000.0,51435000.0,68094000.0,,,,,,12581000.0,16659000.0,,,,,,,,,,,51435000.0,20349000.0,,31086000.0,,31086000.0,0.0,,0.0,,,,,,1140543000.0,1140543000.0,,,,,,0,,28425000.0,6285000.0,,,566351000.0,566351000.0,,,,,0,213533000.0,,,0.0,,,,574192000.0,158748000.0,415444000.0,0.0,,1140543000.0,13218000.0,13218000.0,,-23653000.0,-23653000.0,,-26108000.0,-26108000.0,,,-36543000.0,-36543000.0,,51435000.0,78065000.0,-26630000.0,0,,
HLNE,,2022,Q4,2022-01-01,2022-03-31,,100900000.0,34435000.0,,,,34435000.0,,,20198000.0,54633000.0,,,,,46267000.0,,47833000.0,37557000.0,66465000.0,,,,,,18632000.0,28908000.0,,,,,,,,,,,37557000.0,23732000.0,,13825000.0,,14776000.0,-951000.0,,-951000.0,,,,,,1294946000.0,1294946000.0,,,,,,0,,28842000.0,12567000.0,,,557460000.0,557460000.0,,,,,0,171326000.0,,,276000000.0,,,,461486000.0,114608000.0,346878000.0,276000000.0,,1294946000.0,17011000.0,17011000.0,,-14823000.0,-14823000.0,,-8331000.0,-8331000.0,,0.0,-6143000.0,-6143000.0,,37557000.0,23732000.0,13825000.0,0,,
HLNE,,2021,Q4,2021-01-01,2021-03-31,,102877000.0,38291000.0,,,,38291000.0,,,22618000.0,57015000.0,,,,,45862000.0,,44790000.0,64586000.0,64586000.0,,,,,,23690000.0,3895000.0,,,,,596000.0,,,,,,64586000.0,24826000.0,,39760000.0,,39760000.0,0.0,,0.0,,,,,,1136519000.0,1136519000.0,,,,,,0,,23308000.0,7925000.0,,,546318000.0,546318000.0,,,,,0,163175000.0,,,276000000.0,,,,314201000.0,76072000.0,238129000.0,276000000.0,,1136519000.0,40367000.0,40367000.0,,-374368000.0,-374368000.0,,328441000.0,328441000.0,,0.0,-5560000.0,-5560000.0,,64586000.0,0.0,64586000.0,0,,
HLNE,,2020,Q4,2020-01-01,2020-03-31,,76932000.0,38319000.0,,,,38319000.0,,,7398000.0,43313000.0,,,,,33619000.0,,35098000.0,38613000.0,38613000.0,,,,,,5919000.0,2404000.0,,,,,603000.0,,,,,,38613000.0,17965000.0,,20648000.0,,20648000.0,0.0,,0.0,,,,,,473529000.0,473529000.0,,,,,,0,,7402000.0,8328000.0,,,236128000.0,236128000.0,,,,,0,75000000.0,,,,,,,237401000.0,82610000.0,154791000.0,,,473529000.0,8318000.0,8318000.0,,-20670000.0,-20670000.0,,-19025000.0,-19025000.0,,-107000.0,-31484000.0,-31377000.0,,38613000.0,0.0,38613000.0,0,,
HLNE,,2019,Q4,2019-01-01,2019-03-31,,66988000.0,46581000.0,,,,46581000.0,,,-3621000.0,38060000.0,,,,,28928000.0,,28201000.0,20407000.0,20407000.0,,,,,,-2894000.0,4900000.0,,,,,779000.0,,,,,,20407000.0,12359000.0,,8048000.0,,8048000.0,0.0,,0.0,,,,,,360591000.0,360591000.0,,,,,,0,,8108000.0,2562000.0,,,190869000.0,190869000.0,,,,,0,,,,,,,,169722000.0,59496000.0,110226000.0,,,360591000.0,4713000.0,4713000.0,,-13566000.0,-13566000.0,,-20693000.0,-20693000.0,,-5000.0,-29551000.0,-29546000.0,,20407000.0,0.0,20407000.0,0,,
HLNE,,2018,Q4,2018-01-01,2018-03-31,,77609000.0,32991000.0,,,,32991000.0,,,4252000.0,33247000.0,,,,,44362000.0,,44578000.0,44618000.0,44618000.0,,,,,,4036000.0,3996000.0,,,,,707000.0,,,,,,44618000.0,31120000.0,,13498000.0,,13498000.0,0.0,,0.0,,,,,,293795000.0,293795000.0,,,,,,0,,4782000.0,3021000.0,,,157721000.0,157721000.0,,,,,0,,,,,,,,136074000.0,57648000.0,78426000.0,,,293795000.0,1349000.0,1349000.0,,-6577000.0,-6577000.0,,-15853000.0,-15853000.0,,,-21081000.0,-21081000.0,,44618000.0,0.0,44618000.0,0,,
